,pokemon,id,form,rank,item,raito
0,ピカチュウ,25,0,1,でんきだま,87.8
1,ピカチュウ,25,0,2,きあいのタスキ,5.6
2,ピカチュウ,25,0,3,しんかのきせき,5.5
3,ピカチュウ,25,0,4,おうじゃのしるし,0.4
4,ピカチュウ,25,0,5,こだわりスカーフ,0.3
5,ピカチュウ,25,0,6,ふうせん,0.2
6,ピカチュウ,25,0,7,こだわりハチマキ,0.1
7,ピカチュウ,25,0,8,レッドカード,0.1
8,ピカチュウ,25,0,9,ひかりのねんど,0.0
9,ピカチュウ,25,0,10,フォーカスレンズ,0.0
10,ライチュウ,26,0,1,ひかりのねんど,45.7
11,ライチュウ,26,0,2,きあいのタスキ,26.2
12,ライチュウ,26,0,3,ふうせん,6.3
13,ライチュウ,26,0,4,いのちのたま,2.8
14,ライチュウ,26,0,5,こだわりスカーフ,2.7
15,ライチュウ,26,0,6,こだわりメガネ,2.7
16,ライチュウ,26,0,7,オボンのみ,2.1
17,ライチュウ,26,0,8,ものまねハーブ,1.5
18,ライチュウ,26,0,9,とつげきチョッキ,1.4
19,ライチュウ,26,0,10,ゴツゴツメット,0.9
20,プリン,39,0,1,しんかのきせき,87.2
21,プリン,39,0,2,きあいのタスキ,11.6
22,プリン,39,0,3,オボンのみ,0.6
23,プリン,39,0,4,メンタルハーブ,0.6
24,プクリン,40,0,1,オボンのみ,18.2
25,プクリン,40,0,2,メンタルハーブ,12.2
26,プクリン,40,0,3,たべのこし,7.9
27,プクリン,40,0,4,リリバのみ,6.5
28,プクリン,40,0,5,ゴツゴツメット,6.3
29,プクリン,40,0,6,とつげきチョッキ,6.1
30,プクリン,40,0,7,きあいのタスキ,4.9
31,プクリン,40,0,8,からぶりほけん,4.6
32,プクリン,40,0,9,ひかりのねんど,3.1
33,プクリン,40,0,10,いのちのたま,2.4
34,コンパン,48,0,1,きあいのタスキ,43.4
35,コンパン,48,0,2,しんかのきせき,31.0
36,コンパン,48,0,3,ゴツゴツメット,14.2
37,コンパン,48,0,4,たべのこし,7.1
38,コンパン,48,0,5,くろいヘドロ,4.4
39,モルフォン,49,0,1,きあいのタスキ,19.4
40,モルフォン,49,0,2,くろいヘドロ,13.1
41,モルフォン,49,0,3,いのちのたま,11.0
42,モルフォン,49,0,4,たべのこし,11.0
43,モルフォン,49,0,5,メンタルハーブ,6.3
44,モルフォン,49,0,6,からぶりほけん,5.7
45,モルフォン,49,0,7,こうかくレンズ,5.5
46,モルフォン,49,0,8,じゃくてんほけん,3.0
47,モルフォン,49,0,9,ものまねハーブ,3.0
48,モルフォン,49,0,10,オボンのみ,2.7
49,ディグダ,50,0,1,きあいのタスキ,90.9
50,ディグダ,50,0,2,ひかりのこな,9.1
51,ダグトリオ,51,0,1,きあいのタスキ,90.4
52,ダグトリオ,51,0,2,ひかりのこな,1.9
53,ダグトリオ,51,0,3,メンタルハーブ,1.6
54,ダグトリオ,51,0,4,ふうせん,1.4
55,ダグトリオ,51,0,5,こだわりハチマキ,1.0
56,ダグトリオ,51,0,6,こだわりスカーフ,0.6
57,ダグトリオ,51,0,7,ヤチェのみ,0.6
58,ダグトリオ,51,0,8,いかさまダイス,0.4
59,ダグトリオ,51,0,9,たべのこし,0.4
60,ダグトリオ,51,0,10,じゃくてんほけん,0.3
61,ニャース,52,0,1,きあいのタスキ,100.0
62,ペルシアン,53,0,1,いのちのたま,34.9
63,ペルシアン,53,0,2,きあいのタスキ,15.8
64,ペルシアン,53,0,3,こだわりスカーフ,10.6
65,ペルシアン,53,0,4,ノーマルジュエル,9.8
66,ペルシアン,53,0,5,シルクのスカーフ,6.6
67,ペルシアン,53,0,6,いかさまダイス,5.1
68,ペルシアン,53,0,7,どくどくだま,3.2
69,ペルシアン,53,0,8,こだわりハチマキ,1.8
70,ペルシアン,53,0,9,たつじんのおび,1.7
71,ペルシアン,53,0,10,チイラのみ,1.3
72,コダック,54,0,1,こだわりメガネ,61.2
73,コダック,54,0,2,きあいのタスキ,16.4
74,コダック,54,0,3,いのちのたま,11.2
75,コダック,54,0,4,しんかのきせき,9.2
76,コダック,54,0,5,しんぴのしずく,0.7
77,コダック,54,0,6,リンドのみ,0.7
78,コダック,54,0,7,たべのこし,0.7
79,ゴルダック,55,0,1,いのちのたま,26.5
80,ゴルダック,55,0,2,しんぴのしずく,17.4
81,ゴルダック,55,0,3,こだわりメガネ,10.8
82,ゴルダック,55,0,4,きあいのタスキ,7.5
83,ゴルダック,55,0,5,からぶりほけん,5.9
84,ゴルダック,55,0,6,とつげきチョッキ,5.0
85,ゴルダック,55,0,7,ラムのみ,4.7
86,ゴルダック,55,0,8,おんみつマント,3.7
87,ゴルダック,55,0,9,こうかくレンズ,3.3
88,ゴルダック,55,0,10,たべのこし,3.1
89,マンキー,56,0,1,しんかのきせき,94.7
90,マンキー,56,0,2,きあいのタスキ,5.3
91,オコリザル,57,0,1,しんかのきせき,95.3
92,オコリザル,57,0,2,こだわりスカーフ,1.9
93,オコリザル,57,0,3,きあいのタスキ,1.4
94,オコリザル,57,0,4,カムラのみ,0.9
95,オコリザル,57,0,5,オボンのみ,0.3
96,オコリザル,57,0,6,パンチグローブ,0.2
97,オコリザル,57,0,7,ちからのハチマキ,0.1
98,ガーディ,58,0,1,しんかのきせき,98.9
99,ガーディ,58,0,2,とつげきチョッキ,1.1
100,ウインディ,59,0,1,とつげきチョッキ,24.5
101,ウインディ,59,0,2,ゴツゴツメット,21.6
102,ウインディ,59,0,3,いのちのたま,13.5
103,ウインディ,59,0,4,こだわりハチマキ,8.0
104,ウインディ,59,0,5,オボンのみ,8.0
105,ウインディ,59,0,6,たべのこし,5.6
106,ウインディ,59,0,7,あつぞこブーツ,2.8
107,ウインディ,59,0,8,じゃくてんほけん,2.5
108,ウインディ,59,0,9,ラムのみ,1.5
109,ウインディ,59,0,10,ぼうじんゴーグル,1.4
110,ヤドン,79,0,1,しんかのきせき,65.2
111,ヤドン,79,0,2,きあいのタスキ,23.6
112,ヤドン,79,0,3,おんみつマント,6.7
113,ヤドン,79,0,4,たべのこし,4.5
114,ヤドラン,80,0,1,ゴツゴツメット,33.6
115,ヤドラン,80,0,2,とつげきチョッキ,14.1
116,ヤドラン,80,0,3,たべのこし,10.4
117,ヤドラン,80,0,4,こだわりメガネ,9.5
118,ヤドラン,80,0,5,おんみつマント,6.5
119,ヤドラン,80,0,6,オボンのみ,6.1
120,ヤドラン,80,0,7,いのちのたま,2.8
121,ヤドラン,80,0,8,たつじんのおび,2.2
122,ヤドラン,80,0,9,しんかのきせき,1.9
123,ヤドラン,80,0,10,きあいのタスキ,1.6
124,コイル,81,0,1,こだわりメガネ,54.8
125,コイル,81,0,2,ひかりのねんど,16.1
126,コイル,81,0,3,ゴツゴツメット,11.3
127,コイル,81,0,4,カムラのみ,3.6
128,コイル,81,0,5,からぶりほけん,3.0
129,コイル,81,0,6,せんせいのツメ,1.8
130,コイル,81,0,7,スターのみ,1.8
131,コイル,81,0,8,しめったいわ,1.8
132,コイル,81,0,9,ヤタピのみ,1.2
133,コイル,81,0,10,かいがらのすず,1.2
134,レアコイル,82,0,1,しんかのきせき,56.3
135,レアコイル,82,0,2,こだわりスカーフ,12.1
136,レアコイル,82,0,3,こだわりメガネ,6.0
137,レアコイル,82,0,4,カムラのみ,4.3
138,レアコイル,82,0,5,ひかりのねんど,4.0
139,レアコイル,82,0,6,じゃくてんほけん,4.0
140,レアコイル,82,0,7,からぶりほけん,3.6
141,レアコイル,82,0,8,ゴツゴツメット,1.9
142,レアコイル,82,0,9,グランドコート,1.9
143,レアコイル,82,0,10,ふうせん,0.9
144,ベトベター,88,0,1,しんかのきせき,56.3
145,ベトベター,88,0,2,たべのこし,43.8
146,ベトベトン,89,0,1,くろいヘドロ,35.8
147,ベトベトン,89,0,2,とつげきチョッキ,29.3
148,ベトベトン,89,0,3,たべのこし,19.3
149,ベトベトン,89,0,4,ひかりのこな,3.3
150,ベトベトン,89,0,5,オボンのみ,2.1
151,ベトベトン,89,0,6,いのちのたま,1.1
152,ベトベトン,89,0,7,でんきだま,1.1
153,ベトベトン,89,0,8,ふうせん,0.9
154,ベトベトン,89,0,9,パンチグローブ,0.9
155,ベトベトン,89,0,10,ぼうごパット,0.8
156,シェルダー,90,0,1,おうじゃのしるし,60.0
157,シェルダー,90,0,2,しんかのきせき,20.0
158,シェルダー,90,0,3,きあいのタスキ,20.0
159,パルシェン,91,0,1,きあいのタスキ,48.3
160,パルシェン,91,0,2,おうじゃのしるし,19.2
161,パルシェン,91,0,3,しろいハーブ,9.2
162,パルシェン,91,0,4,ラムのみ,7.6
163,パルシェン,91,0,5,いのちのたま,3.1
164,パルシェン,91,0,6,とけないこおり,1.5
165,パルシェン,91,0,7,こだわりハチマキ,1.3
166,パルシェン,91,0,8,こだわりスカーフ,1.3
167,パルシェン,91,0,9,ゴツゴツメット,1.1
168,パルシェン,91,0,10,オボンのみ,0.9
169,ゴース,92,0,1,きあいのタスキ,65.8
170,ゴース,92,0,2,こだわりスカーフ,18.4
171,ゴース,92,0,3,くろいヘドロ,13.2
172,ゴース,92,0,4,からぶりほけん,2.6
173,ゴースト,93,0,1,きあいのタスキ,53.0
174,ゴースト,93,0,2,こだわりスカーフ,19.2
175,ゴースト,93,0,3,しんかのきせき,16.5
176,ゴースト,93,0,4,いのちのたま,2.9
177,ゴースト,93,0,5,たつじんのおび,2.2
178,ゴースト,93,0,6,レッドカード,2.0
179,ゴースト,93,0,7,ラムのみ,1.1
180,ゴースト,93,0,8,からぶりほけん,1.0
181,ゴースト,93,0,9,ひかりのこな,0.5
182,ゴースト,93,0,10,きあいのハチマキ,0.4
183,ゲンガー,94,0,1,きあいのタスキ,86.0
184,ゲンガー,94,0,2,こだわりスカーフ,6.4
185,ゲンガー,94,0,3,こうかくレンズ,1.2
186,ゲンガー,94,0,4,こだわりメガネ,0.9
187,ゲンガー,94,0,5,ふうせん,0.7
188,ゲンガー,94,0,6,くろいヘドロ,0.6
189,ゲンガー,94,0,7,ラムのみ,0.5
190,ゲンガー,94,0,8,いのちのたま,0.5
191,ゲンガー,94,0,9,からぶりほけん,0.4
192,ゲンガー,94,0,10,ものしりメガネ,0.4
193,スリープ,96,0,1,しんかのきせき,100.0
194,スリーパー,97,0,1,からぶりほけん,37.0
195,スリーパー,97,0,2,こうこうのしっぽ,9.7
196,スリーパー,97,0,3,たつじんのおび,6.1
197,スリーパー,97,0,4,こだわりスカーフ,5.8
198,スリーパー,97,0,5,こだわりメガネ,4.9
199,スリーパー,97,0,6,しめったいわ,4.4
200,スリーパー,97,0,7,とつげきチョッキ,3.9
201,スリーパー,97,0,8,オボンのみ,3.3
202,スリーパー,97,0,9,たべのこし,3.3
203,スリーパー,97,0,10,おんみつマント,2.8
204,ビリリダマ,100,0,1,しんかのきせき,100.0
205,マルマイン,101,0,1,きあいのタスキ,37.7
206,マルマイン,101,0,2,いのちのたま,21.1
207,マルマイン,101,0,3,グランドコート,6.7
208,マルマイン,101,0,4,ふうせん,5.5
209,マルマイン,101,0,5,ひかりのねんど,3.6
210,マルマイン,101,0,6,こだわりメガネ,3.1
211,マルマイン,101,0,7,ものしりメガネ,2.5
212,マルマイン,101,0,8,たべのこし,2.1
213,マルマイン,101,0,9,こだわりスカーフ,1.7
214,マルマイン,101,0,10,だっしゅつボタン,1.6
215,ラッキー,113,0,1,しんかのきせき,99.4
216,ラッキー,113,0,2,たべのこし,0.3
217,ラッキー,113,0,3,かわらずのいし,0.1
218,ラッキー,113,0,4,どくどくだま,0.0
219,ラッキー,113,0,5,のろいのおふだ,0.0
220,ラッキー,113,0,6,おんみつマント,0.0
221,ラッキー,113,0,7,かえんだま,0.0
222,ラッキー,113,0,8,メンタルハーブ,0.0
223,ラッキー,113,0,9,メトロノーム,0.0
224,ラッキー,113,0,10,レッドカード,0.0
225,ストライク,123,0,1,しんかのきせき,91.3
226,ストライク,123,0,2,きあいのタスキ,2.8
227,ストライク,123,0,3,こだわりハチマキ,1.4
228,ストライク,123,0,4,こだわりスカーフ,1.0
229,ストライク,123,0,5,ピントレンズ,0.8
230,ストライク,123,0,6,シルクのスカーフ,0.4
231,ストライク,123,0,7,いのちのたま,0.3
232,ストライク,123,0,8,メトロノーム,0.3
233,ストライク,123,0,9,ラムのみ,0.3
234,ストライク,123,0,10,しろいハーブ,0.2
235,ケンタロス,128,1,1,オボンのみ,28.3
236,ケンタロス,128,1,2,とつげきチョッキ,18.6
237,ケンタロス,128,1,3,こだわりスカーフ,9.2
238,ケンタロス,128,1,4,バンジのみ,8.5
239,ケンタロス,128,1,5,たべのこし,7.7
240,ケンタロス,128,1,6,チイラのみ,4.4
241,ケンタロス,128,1,7,いのちのたま,4.1
242,ケンタロス,128,1,8,こだわりハチマキ,3.9
243,ケンタロス,128,1,9,フィラのみ,2.7
244,ケンタロス,128,1,10,ものまねハーブ,2.5
245,ケンタロス,128,2,1,オボンのみ,18.1
246,ケンタロス,128,2,2,だっしゅつパック,15.1
247,ケンタロス,128,2,3,とつげきチョッキ,9.9
248,ケンタロス,128,2,4,ものまねハーブ,8.8
249,ケンタロス,128,2,5,こだわりハチマキ,6.7
250,ケンタロス,128,2,6,いのちのたま,6.3
251,ケンタロス,128,2,7,ゴツゴツメット,4.9
252,ケンタロス,128,2,8,こだわりスカーフ,4.6
253,ケンタロス,128,2,9,たつじんのおび,4.5
254,ケンタロス,128,2,10,ラムのみ,4.3
255,ケンタロス,128,3,1,たべのこし,22.1
256,ケンタロス,128,3,2,とつげきチョッキ,18.0
257,ケンタロス,128,3,3,オボンのみ,16.2
258,ケンタロス,128,3,4,こだわりハチマキ,11.2
259,ケンタロス,128,3,5,いのちのたま,6.0
260,ケンタロス,128,3,6,ゴツゴツメット,4.6
261,ケンタロス,128,3,7,きあいのタスキ,3.6
262,ケンタロス,128,3,8,ラムのみ,3.4
263,ケンタロス,128,3,9,たつじんのおび,2.0
264,ケンタロス,128,3,10,ものまねハーブ,1.5
265,コイキング,129,0,1,かえんだま,41.7
266,コイキング,129,0,2,きあいのハチマキ,25.0
267,コイキング,129,0,3,きあいのタスキ,25.0
268,コイキング,129,0,4,きんのおうかん,8.3
269,ギャラドス,130,0,1,ゴツゴツメット,56.4
270,ギャラドス,130,0,2,ラムのみ,14.1
271,ギャラドス,130,0,3,オボンのみ,7.4
272,ギャラドス,130,0,4,いのちのたま,4.1
273,ギャラドス,130,0,5,たべのこし,3.2
274,ギャラドス,130,0,6,とつげきチョッキ,2.3
275,ギャラドス,130,0,7,たつじんのおび,2.1
276,ギャラドス,130,0,8,こだわりハチマキ,1.8
277,ギャラドス,130,0,9,ものまねハーブ,0.9
278,ギャラドス,130,0,10,カゴのみ,0.8
279,メタモン,132,0,1,こだわりスカーフ,65.5
280,メタモン,132,0,2,きあいのタスキ,11.9
281,メタモン,132,0,3,レッドカード,6.7
282,メタモン,132,0,4,せんせいのツメ,5.8
283,メタモン,132,0,5,ものまねハーブ,2.1
284,メタモン,132,0,6,ひかりのこな,1.9
285,メタモン,132,0,7,いのちのたま,1.2
286,メタモン,132,0,8,とつげきチョッキ,0.8
287,メタモン,132,0,9,ラムのみ,0.5
288,メタモン,132,0,10,オボンのみ,0.5
289,イーブイ,133,0,1,きあいのタスキ,82.3
290,イーブイ,133,0,2,しんかのきせき,7.7
291,イーブイ,133,0,3,いのちのたま,3.3
292,イーブイ,133,0,4,こだわりハチマキ,2.0
293,イーブイ,133,0,5,カムラのみ,1.7
294,イーブイ,133,0,6,ひかりのねんど,1.0
295,イーブイ,133,0,7,こだわりスカーフ,0.7
296,イーブイ,133,0,8,ものまねハーブ,0.7
297,イーブイ,133,0,9,シルクのスカーフ,0.3
298,イーブイ,133,0,10,メトロノーム,0.3
299,シャワーズ,134,0,1,たべのこし,46.8
300,シャワーズ,134,0,2,とつげきチョッキ,13.4
301,シャワーズ,134,0,3,オボンのみ,12.2
302,シャワーズ,134,0,4,たつじんのおび,4.7
303,シャワーズ,134,0,5,おんみつマント,3.9
304,シャワーズ,134,0,6,カゴのみ,3.6
305,シャワーズ,134,0,7,こだわりメガネ,3.0
306,シャワーズ,134,0,8,ゴツゴツメット,1.7
307,シャワーズ,134,0,9,ラムのみ,1.5
308,シャワーズ,134,0,10,メンタルハーブ,1.1
309,サンダース,135,0,1,かえんだま,25.1
310,サンダース,135,0,2,こだわりメガネ,13.7
311,サンダース,135,0,3,きあいのタスキ,11.7
312,サンダース,135,0,4,ひかりのこな,9.6
313,サンダース,135,0,5,いのちのたま,9.0
314,サンダース,135,0,6,こだわりスカーフ,6.0
315,サンダース,135,0,7,オボンのみ,4.9
316,サンダース,135,0,8,とつげきチョッキ,4.1
317,サンダース,135,0,9,たつじんのおび,4.0
318,サンダース,135,0,10,ふうせん,2.7
319,ブースター,136,0,1,どくどくだま,20.6
320,ブースター,136,0,2,かえんだま,18.8
321,ブースター,136,0,3,とつげきチョッキ,16.9
322,ブースター,136,0,4,こだわりスカーフ,10.7
323,ブースター,136,0,5,オボンのみ,7.7
324,ブースター,136,0,6,たべのこし,6.2
325,ブースター,136,0,7,あつぞこブーツ,2.5
326,ブースター,136,0,8,ふうせん,1.9
327,ブースター,136,0,9,パワフルハーブ,1.7
328,ブースター,136,0,10,きあいのタスキ,1.6
329,ハクリュー,148,0,1,しんかのきせき,99.1
330,ハクリュー,148,0,2,かえんだま,0.9
331,カイリュー,149,0,1,こだわりハチマキ,31.2
332,カイリュー,149,0,2,ゴツゴツメット,23.4
333,カイリュー,149,0,3,ラムのみ,11.4
334,カイリュー,149,0,4,あつぞこブーツ,8.1
335,カイリュー,149,0,5,するどいくちばし,7.1
336,カイリュー,149,0,6,たべのこし,6.9
337,カイリュー,149,0,7,じゃくてんほけん,4.5
338,カイリュー,149,0,8,シルクのスカーフ,1.6
339,カイリュー,149,0,9,いのちのたま,1.3
340,カイリュー,149,0,10,ちからのハチマキ,0.7
341,ピチュー,172,0,1,きあいのタスキ,100.0
342,ププリン,174,0,1,きあいのタスキ,100.0
343,メリープ,179,0,1,きあいのタスキ,100.0
344,モココ,180,0,1,しんかのきせき,100.0
345,デンリュウ,181,0,1,カゴのみ,24.1
346,デンリュウ,181,0,2,とつげきチョッキ,16.3
347,デンリュウ,181,0,3,オボンのみ,12.3
348,デンリュウ,181,0,4,たべのこし,8.2
349,デンリュウ,181,0,5,いのちのたま,4.9
350,デンリュウ,181,0,6,ふうせん,4.5
351,デンリュウ,181,0,7,こだわりメガネ,3.9
352,デンリュウ,181,0,8,ひかりのねんど,3.6
353,デンリュウ,181,0,9,ラムのみ,3.3
354,デンリュウ,181,0,10,ゴツゴツメット,3.2
355,マリル,183,0,1,しんかのきせき,77.3
356,マリル,183,0,2,オボンのみ,22.7
357,マリルリ,184,0,1,とつげきチョッキ,55.5
358,マリルリ,184,0,2,オボンのみ,23.4
359,マリルリ,184,0,3,こだわりハチマキ,6.3
360,マリルリ,184,0,4,ラムのみ,3.8
361,マリルリ,184,0,5,いのちのたま,2.4
362,マリルリ,184,0,6,たべのこし,2.2
363,マリルリ,184,0,7,しんぴのしずく,1.3
364,マリルリ,184,0,8,ちからのハチマキ,0.9
365,マリルリ,184,0,9,ものまねハーブ,0.7
366,マリルリ,184,0,10,ゴツゴツメット,0.6
367,ウソッキー,185,0,1,じゃくてんほけん,15.7
368,ウソッキー,185,0,2,いのちのたま,10.2
369,ウソッキー,185,0,3,チイラのみ,8.7
370,ウソッキー,185,0,4,こだわりハチマキ,8.6
371,ウソッキー,185,0,5,あつぞこブーツ,7.8
372,ウソッキー,185,0,6,きあいのタスキ,7.2
373,ウソッキー,185,0,7,たつじんのおび,5.8
374,ウソッキー,185,0,8,とつげきチョッキ,5.7
375,ウソッキー,185,0,9,いかさまダイス,4.4
376,ウソッキー,185,0,10,ピントレンズ,2.5
377,ハネッコ,187,0,1,きあいのタスキ,46.2
378,ハネッコ,187,0,2,こだわりスカーフ,30.8
379,ハネッコ,187,0,3,しんかのきせき,23.1
380,ポポッコ,188,0,1,しんかのきせき,98.2
381,ポポッコ,188,0,2,こだわりスカーフ,0.7
382,ポポッコ,188,0,3,オボンのみ,0.5
383,ポポッコ,188,0,4,ゴツゴツメット,0.4
384,ポポッコ,188,0,5,メンタルハーブ,0.1
385,ポポッコ,188,0,6,ものまねハーブ,0.1
386,ポポッコ,188,0,7,たべのこし,0.0
387,ワタッコ,189,0,1,ゴツゴツメット,20.8
388,ワタッコ,189,0,2,メンタルハーブ,15.1
389,ワタッコ,189,0,3,おんみつマント,10.2
390,ワタッコ,189,0,4,きあいのタスキ,9.1
391,ワタッコ,189,0,5,こうかくレンズ,8.5
392,ワタッコ,189,0,6,たべのこし,7.3
393,ワタッコ,189,0,7,オボンのみ,3.9
394,ワタッコ,189,0,8,おおきなねっこ,3.2
395,ワタッコ,189,0,9,ひかりのねんど,3.2
396,ワタッコ,189,0,10,こだわりスカーフ,3.2
397,ヒマナッツ,191,0,1,きあいのタスキ,88.6
398,ヒマナッツ,191,0,2,ちからのハチマキ,6.3
399,ヒマナッツ,191,0,3,こだわりメガネ,2.5
400,ヒマナッツ,191,0,4,オッカのみ,2.5
401,キマワリ,192,0,1,いのちのたま,93.8
402,キマワリ,192,0,2,こだわりメガネ,1.2
403,キマワリ,192,0,3,ものしりメガネ,1.1
404,キマワリ,192,0,4,たつじんのおび,0.9
405,キマワリ,192,0,5,とつげきチョッキ,0.9
406,キマワリ,192,0,6,きあいのタスキ,0.7
407,キマワリ,192,0,7,たべのこし,0.3
408,キマワリ,192,0,8,ゴツゴツメット,0.3
409,キマワリ,192,0,9,きせきのタネ,0.2
410,キマワリ,192,0,10,パワフルハーブ,0.2
411,ウパー,194,1,1,しんかのきせき,86.7
412,ウパー,194,1,2,きあいのタスキ,13.3
413,エーフィ,196,0,1,こだわりメガネ,21.9
414,エーフィ,196,0,2,こだわりスカーフ,17.3
415,エーフィ,196,0,3,いのちのたま,15.8
416,エーフィ,196,0,4,きあいのタスキ,12.8
417,エーフィ,196,0,5,ひかりのねんど,7.9
418,エーフィ,196,0,6,たつじんのおび,6.5
419,エーフィ,196,0,7,おんみつマント,3.8
420,エーフィ,196,0,8,とつげきチョッキ,3.0
421,エーフィ,196,0,9,たべのこし,1.9
422,エーフィ,196,0,10,オボンのみ,1.1
423,ブラッキー,197,0,1,たべのこし,81.3
424,ブラッキー,197,0,2,ゴツゴツメット,13.4
425,ブラッキー,197,0,3,オボンのみ,1.7
426,ブラッキー,197,0,4,ひかりのねんど,0.9
427,ブラッキー,197,0,5,おんみつマント,0.6
428,ブラッキー,197,0,6,メンタルハーブ,0.3
429,ブラッキー,197,0,7,ぼうじんゴーグル,0.3
430,ブラッキー,197,0,8,ラムのみ,0.3
431,ブラッキー,197,0,9,じゃくてんほけん,0.2
432,ブラッキー,197,0,10,レッドカード,0.1
433,ヤミカラス,198,0,1,しんかのきせき,79.6
434,ヤミカラス,198,0,2,きあいのタスキ,11.6
435,ヤミカラス,198,0,3,だっしゅつボタン,5.5
436,ヤミカラス,198,0,4,しめったいわ,0.5
437,ヤミカラス,198,0,5,おんみつマント,0.5
438,ヤミカラス,198,0,6,いのちのたま,0.5
439,ヤミカラス,198,0,7,オボンのみ,0.2
440,ヤミカラス,198,0,8,あついいわ,0.2
441,ヤミカラス,198,0,9,レッドカード,0.2
442,ヤミカラス,198,0,10,ラムのみ,0.2
443,ヤドキング,199,0,1,つめたいいわ,14.5
444,ヤドキング,199,0,2,オボンのみ,11.9
445,ヤドキング,199,0,3,たべのこし,9.2
446,ヤドキング,199,0,4,とつげきチョッキ,9.1
447,ヤドキング,199,0,5,こうこうのしっぽ,7.7
448,ヤドキング,199,0,6,メンタルハーブ,7.3
449,ヤドキング,199,0,7,こだわりメガネ,6.7
450,ヤドキング,199,0,8,じゃくてんほけん,4.1
451,ヤドキング,199,0,9,ゴツゴツメット,3.8
452,ヤドキング,199,0,10,きあいのタスキ,3.3
453,ムウマ,200,0,1,しんかのきせき,95.7
454,ムウマ,200,0,2,きあいのタスキ,3.0
455,ムウマ,200,0,3,こだわりスカーフ,1.1
456,ムウマ,200,0,4,ナモのみ,0.1
457,ムウマ,200,0,5,ものまねハーブ,0.0
458,キリンリキ,203,0,1,しんかのきせき,95.8
459,キリンリキ,203,0,2,こだわりスカーフ,4.0
460,キリンリキ,203,0,3,ものまねハーブ,0.2
461,クヌギダマ,204,0,1,おんみつマント,66.0
462,クヌギダマ,204,0,2,こだわりハチマキ,20.8
463,クヌギダマ,204,0,3,しんかのきせき,13.2
464,フォレトス,205,0,1,ゴツゴツメット,37.5
465,フォレトス,205,0,2,レッドカード,13.6
466,フォレトス,205,0,3,たべのこし,9.4
467,フォレトス,205,0,4,オボンのみ,9.1
468,フォレトス,205,0,5,メンタルハーブ,7.2
469,フォレトス,205,0,6,いかさまダイス,2.8
470,フォレトス,205,0,7,こだわりハチマキ,2.7
471,フォレトス,205,0,8,しめったいわ,2.6
472,フォレトス,205,0,9,ひかりのねんど,1.8
473,フォレトス,205,0,10,ノーマルジュエル,1.4
474,ノコッチ,206,0,1,しんかのきせき,99.4
475,ノコッチ,206,0,2,オボンのみ,0.4
476,ノコッチ,206,0,3,きあいのタスキ,0.1
477,ノコッチ,206,0,4,ものまねハーブ,0.1
478,ノコッチ,206,0,5,メンタルハーブ,0.0
479,ノコッチ,206,0,6,こだわりスカーフ,0.0
480,ハリーセン,211,0,1,きあいのタスキ,30.6
481,ハリーセン,211,0,2,くろいヘドロ,24.6
482,ハリーセン,211,0,3,いのちのたま,13.7
483,ハリーセン,211,0,4,たべのこし,6.4
484,ハリーセン,211,0,5,ゴツゴツメット,4.5
485,ハリーセン,211,0,6,ぼうじんゴーグル,4.1
486,ハリーセン,211,0,7,ひかりのこな,3.9
487,ハリーセン,211,0,8,オボンのみ,1.6
488,ハリーセン,211,0,9,ふうせん,1.5
489,ハリーセン,211,0,10,しめったいわ,1.4
490,ハッサム,212,0,1,こだわりハチマキ,40.7
491,ハッサム,212,0,2,いのちのたま,21.9
492,ハッサム,212,0,3,とつげきチョッキ,9.3
493,ハッサム,212,0,4,オボンのみ,9.3
494,ハッサム,212,0,5,ラムのみ,5.7
495,ハッサム,212,0,6,メタルコート,2.0
496,ハッサム,212,0,7,きあいのタスキ,1.9
497,ハッサム,212,0,8,パンチグローブ,1.5
498,ハッサム,212,0,9,オッカのみ,1.1
499,ハッサム,212,0,10,ゴツゴツメット,0.9
500,ヘラクロス,214,0,1,かえんだま,52.4
501,ヘラクロス,214,0,2,いかさまダイス,35.6
502,ヘラクロス,214,0,3,こだわりスカーフ,4.5
503,ヘラクロス,214,0,4,とつげきチョッキ,1.5
504,ヘラクロス,214,0,5,いのちのたま,1.4
505,ヘラクロス,214,0,6,きあいのタスキ,1.1
506,ヘラクロス,214,0,7,カムラのみ,0.9
507,ヘラクロス,214,0,8,こだわりハチマキ,0.7
508,ヘラクロス,214,0,9,ラムのみ,0.4
509,ヘラクロス,214,0,10,オボンのみ,0.2
510,ニューラ,215,0,1,きあいのタスキ,80.2
511,ニューラ,215,0,2,でかいきんのたま,10.4
512,ニューラ,215,0,3,しんかのきせき,7.5
513,ニューラ,215,0,4,いのちのたま,0.9
514,ニューラ,215,0,5,ものまねハーブ,0.9
515,ヒメグマ,216,0,1,きあいのタスキ,96.2
516,ヒメグマ,216,0,2,きあいのハチマキ,3.8
517,リングマ,217,0,1,しんかのきせき,78.3
518,リングマ,217,0,2,かえんだま,20.6
519,リングマ,217,0,3,どくどくだま,0.9
520,リングマ,217,0,4,テラピースノーマル,0.0
521,リングマ,217,0,5,とつげきチョッキ,0.0
522,リングマ,217,0,6,いのちのたま,0.0
523,リングマ,217,0,7,あまーいりんご,0.0
524,リングマ,217,0,8,こだわりハチマキ,0.0
525,リングマ,217,0,9,やわらかいすな,0.0
526,リングマ,217,0,10,たべのこし,0.0
527,デリバード,225,0,1,きあいのタスキ,96.4
528,デリバード,225,0,2,こだわりスカーフ,1.4
529,デリバード,225,0,3,いのちのたま,0.8
530,デリバード,225,0,4,こだわりハチマキ,0.8
531,デリバード,225,0,5,からぶりほけん,0.2
532,デリバード,225,0,6,ものまねハーブ,0.1
533,デリバード,225,0,7,こだわりメガネ,0.1
534,デリバード,225,0,8,きあいのハチマキ,0.1
535,デリバード,225,0,9,せんせいのツメ,0.0
536,デリバード,225,0,10,たべのこし,0.0
537,デルビル,228,0,1,きあいのタスキ,100.0
538,ヘルガー,229,0,1,きあいのタスキ,74.8
539,ヘルガー,229,0,2,こだわりスカーフ,6.8
540,ヘルガー,229,0,3,いのちのたま,4.0
541,ヘルガー,229,0,4,とつげきチョッキ,2.6
542,ヘルガー,229,0,5,ぼうじんゴーグル,1.4
543,ヘルガー,229,0,6,ラムのみ,1.2
544,ヘルガー,229,0,7,こだわりメガネ,1.2
545,ヘルガー,229,0,8,ものしりメガネ,1.1
546,ヘルガー,229,0,9,からぶりほけん,1.1
547,ヘルガー,229,0,10,たつじんのおび,0.8
548,ゴマゾウ,231,0,1,きあいのタスキ,76.9
549,ゴマゾウ,231,0,2,しんかのきせき,23.1
550,ドンファン,232,0,1,ゴツゴツメット,24.9
551,ドンファン,232,0,2,ラムのみ,14.6
552,ドンファン,232,0,3,チイラのみ,8.8
553,ドンファン,232,0,4,じゃくてんほけん,7.8
554,ドンファン,232,0,5,レッドカード,6.8
555,ドンファン,232,0,6,オボンのみ,5.7
556,ドンファン,232,0,7,フィラのみ,5.3
557,ドンファン,232,0,8,メンタルハーブ,5.1
558,ドンファン,232,0,9,たつじんのおび,4.6
559,ドンファン,232,0,10,カムラのみ,4.0
560,オドシシ,234,0,1,しんかのきせき,84.2
561,オドシシ,234,0,2,こだわりスカーフ,9.6
562,オドシシ,234,0,3,きあいのタスキ,1.7
563,オドシシ,234,0,4,メンタルハーブ,1.2
564,オドシシ,234,0,5,こだわりメガネ,1.2
565,オドシシ,234,0,6,ひかりのねんど,1.0
566,オドシシ,234,0,7,いのちのたま,0.5
567,オドシシ,234,0,8,ビビリだま,0.5
568,ハピナス,242,0,1,たべのこし,18.4
569,ハピナス,242,0,2,かえんだま,13.7
570,ハピナス,242,0,3,おんみつマント,10.7
571,ハピナス,242,0,4,どくバリ,10.5
572,ハピナス,242,0,5,でんきだま,7.0
573,ハピナス,242,0,6,たつじんのおび,5.3
574,ハピナス,242,0,7,クリアチャーム,4.9
575,ハピナス,242,0,8,ウイのみ,4.7
576,ハピナス,242,0,9,とつげきチョッキ,3.2
577,ハピナス,242,0,10,オボンのみ,3.1
578,ヨーギラス,246,0,1,かえんだま,100.0
579,サナギラス,247,0,1,しんかのきせき,91.7
580,サナギラス,247,0,2,こだわりメガネ,8.3
581,バンギラス,248,0,1,いかさまダイス,29.7
582,バンギラス,248,0,2,とつげきチョッキ,29.5
583,バンギラス,248,0,3,じゃくてんほけん,10.1
584,バンギラス,248,0,4,こだわりハチマキ,5.7
585,バンギラス,248,0,5,さらさらいわ,5.7
586,バンギラス,248,0,6,オボンのみ,4.3
587,バンギラス,248,0,7,たつじんのおび,2.2
588,バンギラス,248,0,8,たべのこし,2.2
589,バンギラス,248,0,9,きあいのタスキ,1.6
590,バンギラス,248,0,10,いのちのたま,1.1
591,キャモメ,278,0,1,しんかのきせき,100.0
592,ペリッパー,279,0,1,しめったいわ,44.3
593,ペリッパー,279,0,2,ゴツゴツメット,17.6
594,ペリッパー,279,0,3,こだわりメガネ,14.0
595,ペリッパー,279,0,4,だっしゅつボタン,6.9
596,ペリッパー,279,0,5,きあいのタスキ,5.4
597,ペリッパー,279,0,6,オボンのみ,2.3
598,ペリッパー,279,0,7,とつげきチョッキ,2.2
599,ペリッパー,279,0,8,ラムのみ,2.1
600,ペリッパー,279,0,9,こだわりスカーフ,1.2
601,ペリッパー,279,0,10,ぼうじんゴーグル,1.2
602,ラルトス,280,0,1,きあいのタスキ,100.0
603,キルリア,281,0,1,きあいのタスキ,54.4
604,キルリア,281,0,2,しんかのきせき,40.0
605,キルリア,281,0,3,カムラのみ,3.3
606,キルリア,281,0,4,ひかりのねんど,1.1
607,キルリア,281,0,5,かえんだま,1.1
608,サーナイト,282,0,1,こだわりスカーフ,50.9
609,サーナイト,282,0,2,とつげきチョッキ,16.8
610,サーナイト,282,0,3,きあいのタスキ,11.2
611,サーナイト,282,0,4,こだわりメガネ,3.4
612,サーナイト,282,0,5,からぶりほけん,2.3
613,サーナイト,282,0,6,たべのこし,2.0
614,サーナイト,282,0,7,オボンのみ,1.2
615,サーナイト,282,0,8,いのちのたま,1.2
616,サーナイト,282,0,9,おんみつマント,1.0
617,サーナイト,282,0,10,ものしりメガネ,0.9
618,アメタマ,283,0,1,きあいのタスキ,84.7
619,アメタマ,283,0,2,しめったいわ,7.3
620,アメタマ,283,0,3,しんかのきせき,6.6
621,アメタマ,283,0,4,ラムのみ,1.5
622,アメモース,284,0,1,きあいのタスキ,75.3
623,アメモース,284,0,2,オボンのみ,6.0
624,アメモース,284,0,3,メンタルハーブ,5.5
625,アメモース,284,0,4,ラムのみ,2.5
626,アメモース,284,0,5,のどスプレー,1.3
627,アメモース,284,0,6,レッドカード,1.2
628,アメモース,284,0,7,ゴツゴツメット,0.9
629,アメモース,284,0,8,あつぞこブーツ,0.8
630,アメモース,284,0,9,こだわりスカーフ,0.8
631,アメモース,284,0,10,いのちのたま,0.5
632,キノココ,285,0,1,どくどくだま,66.7
633,キノココ,285,0,2,かえんだま,16.7
634,キノココ,285,0,3,しんかのきせき,16.7
635,キノガッサ,286,0,1,きあいのタスキ,88.2
636,キノガッサ,286,0,2,どくどくだま,5.4
637,キノガッサ,286,0,3,いかさまダイス,3.7
638,キノガッサ,286,0,4,こだわりハチマキ,0.6
639,キノガッサ,286,0,5,いのちのたま,0.5
640,キノガッサ,286,0,6,たつじんのおび,0.2
641,キノガッサ,286,0,7,パンチグローブ,0.2
642,キノガッサ,286,0,8,こだわりスカーフ,0.1
643,キノガッサ,286,0,9,ちからのハチマキ,0.1
644,キノガッサ,286,0,10,せんせいのツメ,0.1
645,ナマケロ,287,0,1,しんかのきせき,100.0
646,ヤルキモノ,288,0,1,しんかのきせき,99.1
647,ヤルキモノ,288,0,2,きあいのタスキ,0.3
648,ヤルキモノ,288,0,3,たべのこし,0.3
649,ヤルキモノ,288,0,4,かわらずのいし,0.3
650,ヤルキモノ,288,0,5,ゴツゴツメット,0.1
651,ケッキング,289,0,1,こだわりハチマキ,62.8
652,ケッキング,289,0,2,いのちのたま,8.6
653,ケッキング,289,0,3,ノーマルジュエル,6.2
654,ケッキング,289,0,4,とつげきチョッキ,5.5
655,ケッキング,289,0,5,こだわりスカーフ,3.6
656,ケッキング,289,0,6,オボンのみ,1.9
657,ケッキング,289,0,7,たべのこし,1.9
658,ケッキング,289,0,8,ちからのハチマキ,1.4
659,ケッキング,289,0,9,ゴツゴツメット,1.2
660,ケッキング,289,0,10,ものまねハーブ,0.9
661,マクノシタ,296,0,1,きあいのタスキ,100.0
662,ハリテヤマ,297,0,1,かえんだま,69.1
663,ハリテヤマ,297,0,2,とつげきチョッキ,23.1
664,ハリテヤマ,297,0,3,オボンのみ,3.4
665,ハリテヤマ,297,0,4,いのちのたま,1.2
666,ハリテヤマ,297,0,5,パンチグローブ,1.1
667,ハリテヤマ,297,0,6,たべのこし,0.4
668,ハリテヤマ,297,0,7,たつじんのおび,0.2
669,ハリテヤマ,297,0,8,どくどくだま,0.2
670,ハリテヤマ,297,0,9,こだわりハチマキ,0.2
671,ハリテヤマ,297,0,10,ラムのみ,0.1
672,ルリリ,298,0,1,どくどくだま,100.0
673,ヤミラミ,302,0,1,たべのこし,32.4
674,ヤミラミ,302,0,2,ひかりのねんど,19.0
675,ヤミラミ,302,0,3,ゴツゴツメット,14.5
676,ヤミラミ,302,0,4,きあいのタスキ,12.3
677,ヤミラミ,302,0,5,こうこうのしっぽ,4.2
678,ヤミラミ,302,0,6,オボンのみ,3.4
679,ヤミラミ,302,0,7,おんみつマント,1.8
680,ヤミラミ,302,0,8,だっしゅつボタン,1.7
681,ヤミラミ,302,0,9,こうかくレンズ,1.4
682,ヤミラミ,302,0,10,ふうせん,1.4
683,アサナン,307,0,1,きあいのタスキ,69.3
684,アサナン,307,0,2,いのちのたま,30.7
685,チャーレム,308,0,1,きあいのタスキ,40.7
686,チャーレム,308,0,2,こだわりスカーフ,33.2
687,チャーレム,308,0,3,いのちのたま,10.5
688,チャーレム,308,0,4,こだわりハチマキ,3.1
689,チャーレム,308,0,5,パンチグローブ,2.7
690,チャーレム,308,0,6,とつげきチョッキ,2.3
691,チャーレム,308,0,7,ラムのみ,1.6
692,チャーレム,308,0,8,くろいてっきゅう,1.1
693,チャーレム,308,0,9,でかいきんのたま,0.9
694,チャーレム,308,0,10,たつじんのおび,0.8
695,ゴクリン,316,0,1,しんかのきせき,91.7
696,ゴクリン,316,0,2,きあいのタスキ,4.6
697,ゴクリン,316,0,3,シュカのみ,3.7
698,マルノーム,317,0,1,くろいヘドロ,32.1
699,マルノーム,317,0,2,リュガのみ,17.5
700,マルノーム,317,0,3,たべのこし,12.5
701,マルノーム,317,0,4,カゴのみ,5.0
702,マルノーム,317,0,5,オボンのみ,4.7
703,マルノーム,317,0,6,とつげきチョッキ,3.8
704,マルノーム,317,0,7,でんきだま,3.7
705,マルノーム,317,0,8,メンタルハーブ,3.4
706,マルノーム,317,0,9,ズアのみ,3.0
707,マルノーム,317,0,10,バンジのみ,2.8
708,ドンメル,322,0,1,しんかのきせき,64.7
709,ドンメル,322,0,2,きあいのタスキ,35.0
710,ドンメル,322,0,3,たべのこし,0.3
711,バクーダ,323,0,1,とつげきチョッキ,37.3
712,バクーダ,323,0,2,こだわりメガネ,13.7
713,バクーダ,323,0,3,オボンのみ,13.3
714,バクーダ,323,0,4,たべのこし,8.4
715,バクーダ,323,0,5,いのちのたま,5.0
716,バクーダ,323,0,6,ゴツゴツメット,3.3
717,バクーダ,323,0,7,じゃくてんほけん,3.2
718,バクーダ,323,0,8,たつじんのおび,2.5
719,バクーダ,323,0,9,きあいのタスキ,2.2
720,バクーダ,323,0,10,ふうせん,1.2
721,コータス,324,0,1,だっしゅつパック,53.5
722,コータス,324,0,2,こだわりメガネ,17.8
723,コータス,324,0,3,あついいわ,12.4
724,コータス,324,0,4,オボンのみ,4.7
725,コータス,324,0,5,だっしゅつボタン,3.9
726,コータス,324,0,6,もくたん,2.1
727,コータス,324,0,7,たべのこし,0.8
728,コータス,324,0,8,とつげきチョッキ,0.8
729,コータス,324,0,9,いのちのたま,0.7
730,コータス,324,0,10,ゴツゴツメット,0.7
731,バネブー,325,0,1,しんかのきせき,90.0
732,バネブー,325,0,2,こだわりスカーフ,10.0
733,ブーピッグ,326,0,1,とつげきチョッキ,26.6
734,ブーピッグ,326,0,2,たべのこし,17.9
735,ブーピッグ,326,0,3,たつじんのおび,7.4
736,ブーピッグ,326,0,4,こだわりスカーフ,6.1
737,ブーピッグ,326,0,5,オボンのみ,6.0
738,ブーピッグ,326,0,6,カゴのみ,5.6
739,ブーピッグ,326,0,7,カシブのみ,2.6
740,ブーピッグ,326,0,8,こだわりメガネ,2.5
741,ブーピッグ,326,0,9,ウイのみ,2.2
742,ブーピッグ,326,0,10,フィラのみ,1.9
743,サボネア,331,0,1,いのちのたま,63.6
744,サボネア,331,0,2,きあいのタスキ,18.2
745,サボネア,331,0,3,ひかりのこな,13.6
746,サボネア,331,0,4,こだわりハチマキ,4.5
747,ノクタス,332,0,1,きあいのタスキ,40.3
748,ノクタス,332,0,2,いのちのたま,35.5
749,ノクタス,332,0,3,とつげきチョッキ,8.9
750,ノクタス,332,0,4,ひかりのこな,2.7
751,ノクタス,332,0,5,たべのこし,1.9
752,ノクタス,332,0,6,じゃくてんほけん,1.6
753,ノクタス,332,0,7,たつじんのおび,1.5
754,ノクタス,332,0,8,いかさまダイス,1.0
755,ノクタス,332,0,9,こだわりスカーフ,0.8
756,ノクタス,332,0,10,ゴツゴツメット,0.7
757,チルット,333,0,1,しんかのきせき,66.7
758,チルット,333,0,2,きあいのタスキ,33.3
759,チルタリス,334,0,1,ゴツゴツメット,26.2
760,チルタリス,334,0,2,たべのこし,24.7
761,チルタリス,334,0,3,オボンのみ,16.5
762,チルタリス,334,0,4,おんみつマント,5.4
763,チルタリス,334,0,5,ぼうじんゴーグル,2.9
764,チルタリス,334,0,6,メンタルハーブ,2.6
765,チルタリス,334,0,7,カゴのみ,2.3
766,チルタリス,334,0,8,ねばりのかぎづめ,2.2
767,チルタリス,334,0,9,こうかくレンズ,2.2
768,チルタリス,334,0,10,しめつけバンド,1.8
769,ザングース,335,0,1,どくどくだま,64.8
770,ザングース,335,0,2,こだわりスカーフ,17.7
771,ザングース,335,0,3,オボンのみ,10.6
772,ザングース,335,0,4,きあいのタスキ,2.5
773,ザングース,335,0,5,カムラのみ,2.1
774,ザングース,335,0,6,ゴツゴツメット,0.4
775,ザングース,335,0,7,せんせいのツメ,0.3
776,ザングース,335,0,8,たべのこし,0.3
777,ザングース,335,0,9,クリアチャーム,0.3
778,ザングース,335,0,10,こだわりメガネ,0.1
779,ハブネーク,336,0,1,こだわりスカーフ,68.9
780,ハブネーク,336,0,2,きあいのタスキ,13.3
781,ハブネーク,336,0,3,どくバリ,2.3
782,ハブネーク,336,0,4,ものしりメガネ,1.9
783,ハブネーク,336,0,5,オボンのみ,1.7
784,ハブネーク,336,0,6,くろいヘドロ,1.7
785,ハブネーク,336,0,7,たべのこし,1.6
786,ハブネーク,336,0,8,とつげきチョッキ,1.6
787,ハブネーク,336,0,9,ふうせん,1.3
788,ハブネーク,336,0,10,どくどくだま,1.3
789,ドジョッチ,339,0,1,きあいのタスキ,100.0
790,ナマズン,340,0,1,レッドカード,20.4
791,ナマズン,340,0,2,オボンのみ,15.9
792,ナマズン,340,0,3,おんみつマント,10.4
793,ナマズン,340,0,4,いのちのたま,10.3
794,ナマズン,340,0,5,きあいのタスキ,8.9
795,ナマズン,340,0,6,たべのこし,8.0
796,ナマズン,340,0,7,とつげきチョッキ,5.9
797,ナマズン,340,0,8,ラムのみ,2.9
798,ナマズン,340,0,9,たつじんのおび,2.8
799,ナマズン,340,0,10,とけないこおり,2.4
800,カゲボウズ,353,0,1,きあいのタスキ,100.0
801,ジュペッタ,354,0,1,きあいのタスキ,62.0
802,ジュペッタ,354,0,2,こだわりスカーフ,11.6
803,ジュペッタ,354,0,3,いのちのたま,4.8
804,ジュペッタ,354,0,4,くろいメガネ,3.9
805,ジュペッタ,354,0,5,こだわりハチマキ,3.9
806,ジュペッタ,354,0,6,とつげきチョッキ,2.4
807,ジュペッタ,354,0,7,ナモのみ,1.8
808,ジュペッタ,354,0,8,メンタルハーブ,1.7
809,ジュペッタ,354,0,9,こうこうのしっぽ,1.2
810,ジュペッタ,354,0,10,オボンのみ,1.1
811,トロピウス,357,0,1,オボンのみ,94.1
812,トロピウス,357,0,2,カゴのみ,1.8
813,トロピウス,357,0,3,いのちのたま,1.2
814,トロピウス,357,0,4,ラムのみ,1.0
815,トロピウス,357,0,5,ズアのみ,0.6
816,トロピウス,357,0,6,とつげきチョッキ,0.2
817,トロピウス,357,0,7,たべのこし,0.2
818,トロピウス,357,0,8,スターのみ,0.2
819,トロピウス,357,0,9,チイラのみ,0.1
820,トロピウス,357,0,10,こだわりメガネ,0.1
821,ユキワラシ,361,0,1,たべのこし,100.0
822,オニゴーリ,362,0,1,たべのこし,95.1
823,オニゴーリ,362,0,2,せんせいのツメ,1.7
824,オニゴーリ,362,0,3,くろいヘドロ,0.6
825,オニゴーリ,362,0,4,ひかりのこな,0.6
826,オニゴーリ,362,0,5,こだわりスカーフ,0.5
827,オニゴーリ,362,0,6,オボンのみ,0.3
828,オニゴーリ,362,0,7,ゴツゴツメット,0.1
829,オニゴーリ,362,0,8,ヒメリのみ,0.1
830,オニゴーリ,362,0,9,ものまねハーブ,0.1
831,オニゴーリ,362,0,10,からぶりほけん,0.1
832,ラブカス,370,0,1,きあいのタスキ,47.6
833,ラブカス,370,0,2,しめったいわ,22.4
834,ラブカス,370,0,3,たつじんのおび,7.7
835,ラブカス,370,0,4,ひかりのこな,7.7
836,ラブカス,370,0,5,たべのこし,6.3
837,ラブカス,370,0,6,ぼうじんゴーグル,2.1
838,ラブカス,370,0,7,せんせいのツメ,1.4
839,ラブカス,370,0,8,しんぴのしずく,1.4
840,ラブカス,370,0,9,いのちのたま,0.7
841,ラブカス,370,0,10,とつげきチョッキ,0.7
842,タツベイ,371,0,1,きあいのタスキ,100.0
843,コモルー,372,0,1,しんかのきせき,77.6
844,コモルー,372,0,2,ふうせん,20.2
845,コモルー,372,0,3,たべのこし,2.2
846,ボーマンダ,373,0,1,いのちのたま,26.9
847,ボーマンダ,373,0,2,ラムのみ,24.1
848,ボーマンダ,373,0,3,こだわりスカーフ,15.7
849,ボーマンダ,373,0,4,こだわりメガネ,12.4
850,ボーマンダ,373,0,5,ゴツゴツメット,3.1
851,ボーマンダ,373,0,6,こだわりハチマキ,2.1
852,ボーマンダ,373,0,7,きあいのタスキ,1.6
853,ボーマンダ,373,0,8,とつげきチョッキ,1.5
854,ボーマンダ,373,0,9,たべのこし,1.3
855,ボーマンダ,373,0,10,ぼうじんゴーグル,1.1
856,ムックル,396,0,1,きあいのタスキ,100.0
857,ムクバード,397,0,1,きあいのタスキ,54.1
858,ムクバード,397,0,2,こだわりハチマキ,27.0
859,ムクバード,397,0,3,しんかのきせき,10.8
860,ムクバード,397,0,4,こだわりスカーフ,5.4
861,ムクバード,397,0,5,ゴツゴツメット,2.7
862,ムクホーク,398,0,1,こだわりスカーフ,76.0
863,ムクホーク,398,0,2,こだわりハチマキ,11.4
864,ムクホーク,398,0,3,いのちのたま,3.5
865,ムクホーク,398,0,4,きあいのタスキ,2.6
866,ムクホーク,398,0,5,とつげきチョッキ,1.3
867,ムクホーク,398,0,6,だっしゅつパック,0.7
868,ムクホーク,398,0,7,するどいくちばし,0.7
869,ムクホーク,398,0,8,あつぞこブーツ,0.4
870,ムクホーク,398,0,9,オボンのみ,0.4
871,ムクホーク,398,0,10,ゴツゴツメット,0.4
872,コロトック,402,0,1,きあいのタスキ,49.1
873,コロトック,402,0,2,からぶりほけん,26.0
874,コロトック,402,0,3,カムラのみ,6.2
875,コロトック,402,0,4,メンタルハーブ,4.5
876,コロトック,402,0,5,メトロノーム,3.1
877,コロトック,402,0,6,こだわりハチマキ,2.0
878,コロトック,402,0,7,レッドカード,1.5
879,コロトック,402,0,8,ぼうじんゴーグル,1.3
880,コロトック,402,0,9,ゴツゴツメット,1.2
881,コロトック,402,0,10,オッカのみ,1.1
882,コリンク,403,0,1,しんかのきせき,100.0
883,ルクシオ,404,0,1,しんかのきせき,100.0
884,レントラー,405,0,1,だっしゅつボタン,28.4
885,レントラー,405,0,2,オボンのみ,17.6
886,レントラー,405,0,3,かえんだま,17.0
887,レントラー,405,0,4,ゴツゴツメット,13.3
888,レントラー,405,0,5,とつげきチョッキ,3.7
889,レントラー,405,0,6,たべのこし,3.5
890,レントラー,405,0,7,ふうせん,2.6
891,レントラー,405,0,8,いのちのたま,2.0
892,レントラー,405,0,9,グランドコート,1.7
893,レントラー,405,0,10,シュカのみ,0.9
894,ミツハニー,415,0,1,こだわりスカーフ,36.4
895,ミツハニー,415,0,2,ひかりのこな,36.4
896,ミツハニー,415,0,3,ぎんのこな,18.2
897,ミツハニー,415,0,4,いのちのたま,9.1
898,ビークイン,416,0,1,たべのこし,38.2
899,ビークイン,416,0,2,ゴツゴツメット,16.6
900,ビークイン,416,0,3,メンタルハーブ,8.8
901,ビークイン,416,0,4,オボンのみ,7.2
902,ビークイン,416,0,5,あつぞこブーツ,4.6
903,ビークイン,416,0,6,じゃくてんほけん,3.4
904,ビークイン,416,0,7,おんみつマント,3.0
905,ビークイン,416,0,8,ものまねハーブ,2.7
906,ビークイン,416,0,9,きあいのタスキ,2.2
907,ビークイン,416,0,10,サイコシード,2.1
908,パチリス,417,0,1,とつげきチョッキ,19.0
909,パチリス,417,0,2,オボンのみ,18.9
910,パチリス,417,0,3,きあいのタスキ,12.5
911,パチリス,417,0,4,シュカのみ,9.6
912,パチリス,417,0,5,フィラのみ,9.4
913,パチリス,417,0,6,ふうせん,8.5
914,パチリス,417,0,7,レッドカード,3.4
915,パチリス,417,0,8,せんせいのツメ,3.3
916,パチリス,417,0,9,ゴツゴツメット,2.8
917,パチリス,417,0,10,ぼうじんゴーグル,2.1
918,ブイゼル,418,0,1,ちからのハチマキ,67.7
919,ブイゼル,418,0,2,こだわりハチマキ,29.0
920,ブイゼル,418,0,3,おうじゃのしるし,3.2
921,フローゼル,419,0,1,こだわりハチマキ,87.1
922,フローゼル,419,0,2,いのちのたま,8.3
923,フローゼル,419,0,3,しんぴのしずく,2.3
924,フローゼル,419,0,4,ちからのハチマキ,0.5
925,フローゼル,419,0,5,きあいのタスキ,0.4
926,フローゼル,419,0,6,オボンのみ,0.3
927,フローゼル,419,0,7,ピントレンズ,0.2
928,フローゼル,419,0,8,こだわりスカーフ,0.1
929,フローゼル,419,0,9,ラムのみ,0.1
930,フローゼル,419,0,10,とつげきチョッキ,0.1
931,カラナクシ,422,0,1,しんかのきせき,97.2
932,カラナクシ,422,0,2,きあいのタスキ,2.5
933,カラナクシ,422,0,3,たべのこし,0.2
934,トリトドン,423,0,1,たべのこし,26.1
935,トリトドン,423,0,2,おんみつマント,16.8
936,トリトドン,423,0,3,オボンのみ,14.0
937,トリトドン,423,0,4,ゴツゴツメット,8.9
938,トリトドン,423,0,5,とつげきチョッキ,8.3
939,トリトドン,423,0,6,きあいのタスキ,7.2
940,トリトドン,423,0,7,こだわりメガネ,4.3
941,トリトドン,423,0,8,たつじんのおび,2.6
942,トリトドン,423,0,9,メンタルハーブ,2.2
943,トリトドン,423,0,10,いのちのたま,2.0
944,フワンテ,425,0,1,きあいのタスキ,63.9
945,フワンテ,425,0,2,しんかのきせき,34.4
946,フワンテ,425,0,3,カムラのみ,1.6
947,フワライド,426,0,1,サイコシード,24.3
948,フワライド,426,0,2,オボンのみ,21.3
949,フワライド,426,0,3,からぶりほけん,7.6
950,フワライド,426,0,4,グラスシード,7.1
951,フワライド,426,0,5,エレキシード,6.9
952,フワライド,426,0,6,メンタルハーブ,5.8
953,フワライド,426,0,7,じゃくてんほけん,5.7
954,フワライド,426,0,8,かえんだま,4.5
955,フワライド,426,0,9,きあいのタスキ,3.0
956,フワライド,426,0,10,レッドカード,2.9
957,ムウマージ,429,0,1,きあいのタスキ,33.2
958,ムウマージ,429,0,2,のろいのおふだ,14.8
959,ムウマージ,429,0,3,こだわりスカーフ,11.7
960,ムウマージ,429,0,4,こだわりメガネ,6.8
961,ムウマージ,429,0,5,オボンのみ,5.2
962,ムウマージ,429,0,6,ラムのみ,3.1
963,ムウマージ,429,0,7,いのちのたま,2.7
964,ムウマージ,429,0,8,ナモのみ,2.6
965,ムウマージ,429,0,9,たべのこし,2.5
966,ムウマージ,429,0,10,カシブのみ,2.4
967,ドンカラス,430,0,1,きあいのタスキ,57.8
968,ドンカラス,430,0,2,ピントレンズ,14.3
969,ドンカラス,430,0,3,するどいツメ,7.2
970,ドンカラス,430,0,4,とつげきチョッキ,4.2
971,ドンカラス,430,0,5,レッドカード,2.2
972,ドンカラス,430,0,6,こだわりスカーフ,2.1
973,ドンカラス,430,0,7,いのちのたま,1.8
974,ドンカラス,430,0,8,パワフルハーブ,1.8
975,ドンカラス,430,0,9,オボンのみ,1.4
976,ドンカラス,430,0,10,ものまねハーブ,1.1
977,スカンプー,434,0,1,しんかのきせき,100.0
978,スカタンク,435,0,1,とつげきチョッキ,44.6
979,スカタンク,435,0,2,ゴツゴツメット,17.3
980,スカタンク,435,0,3,くろいヘドロ,8.8
981,スカタンク,435,0,4,オボンのみ,5.7
982,スカタンク,435,0,5,ふうせん,3.5
983,スカタンク,435,0,6,シュカのみ,3.4
984,スカタンク,435,0,7,ノーマルジュエル,2.9
985,スカタンク,435,0,8,たべのこし,2.3
986,スカタンク,435,0,9,いのちのたま,2.2
987,スカタンク,435,0,10,こうかくレンズ,1.8
988,ドーミラー,436,0,1,しんかのきせき,76.5
989,ドーミラー,436,0,2,きあいのタスキ,17.3
990,ドーミラー,436,0,3,あついいわ,2.0
991,ドーミラー,436,0,4,しめったいわ,2.0
992,ドーミラー,436,0,5,ゴツゴツメット,2.0
993,ドータクン,437,0,1,こうこうのしっぽ,14.6
994,ドータクン,437,0,2,たべのこし,14.4
995,ドータクン,437,0,3,ゴツゴツメット,13.6
996,ドータクン,437,0,4,じゃくてんほけん,8.8
997,ドータクン,437,0,5,オボンのみ,8.1
998,ドータクン,437,0,6,メンタルハーブ,7.9
999,ドータクン,437,0,7,こだわりハチマキ,4.3
1000,ドータクン,437,0,8,ふうせん,2.9
1001,ドータクン,437,0,9,ひかりのねんど,2.4
1002,ドータクン,437,0,10,おんみつマント,1.6
1003,ウソハチ,438,0,1,しんかのきせき,35.2
1004,ウソハチ,438,0,2,ゴツゴツメット,15.9
1005,ウソハチ,438,0,3,じゃくてんほけん,14.8
1006,ウソハチ,438,0,4,チイラのみ,9.1
1007,ウソハチ,438,0,5,レッドカード,6.8
1008,ウソハチ,438,0,6,おんみつマント,5.7
1009,ウソハチ,438,0,7,どくどくだま,3.4
1010,ウソハチ,438,0,8,あつぞこブーツ,2.3
1011,ウソハチ,438,0,9,オボンのみ,2.3
1012,ウソハチ,438,0,10,ねらいのまと,2.3
1013,ミカルゲ,442,0,1,メンタルハーブ,29.6
1014,ミカルゲ,442,0,2,オボンのみ,14.7
1015,ミカルゲ,442,0,3,たべのこし,10.7
1016,ミカルゲ,442,0,4,こうこうのしっぽ,9.1
1017,ミカルゲ,442,0,5,ロゼルのみ,8.0
1018,ミカルゲ,442,0,6,ゴツゴツメット,4.4
1019,ミカルゲ,442,0,7,きあいのタスキ,4.0
1020,ミカルゲ,442,0,8,とつげきチョッキ,2.2
1021,ミカルゲ,442,0,9,ラムのみ,2.1
1022,ミカルゲ,442,0,10,おんみつマント,1.6
1023,フカマル,443,0,1,きあいのタスキ,66.7
1024,フカマル,443,0,2,こだわりスカーフ,33.3
1025,ガバイト,444,0,1,しんかのきせき,96.4
1026,ガバイト,444,0,2,ひかりのこな,3.6
1027,ガブリアス,445,0,1,きあいのタスキ,16.2
1028,ガブリアス,445,0,2,ゴツゴツメット,14.4
1029,ガブリアス,445,0,3,こだわりスカーフ,13.7
1030,ガブリアス,445,0,4,こだわりハチマキ,13.5
1031,ガブリアス,445,0,5,ラムのみ,10.9
1032,ガブリアス,445,0,6,オボンのみ,8.8
1033,ガブリアス,445,0,7,いのちのたま,5.3
1034,ガブリアス,445,0,8,レッドカード,3.5
1035,ガブリアス,445,0,9,とつげきチョッキ,3.1
1036,ガブリアス,445,0,10,おんみつマント,2.7
1037,リオル,447,0,1,きあいのタスキ,68.9
1038,リオル,447,0,2,こだわりスカーフ,8.2
1039,リオル,447,0,3,ぼうごパット,6.5
1040,リオル,447,0,4,こうこうのしっぽ,6.5
1041,リオル,447,0,5,でかいきんのたま,3.7
1042,リオル,447,0,6,こうかくレンズ,2.6
1043,リオル,447,0,7,こだわりハチマキ,1.2
1044,リオル,447,0,8,あついいわ,1.2
1045,リオル,447,0,9,しんかのきせき,1.2
1046,ルカリオ,448,0,1,きあいのタスキ,42.1
1047,ルカリオ,448,0,2,いのちのたま,34.2
1048,ルカリオ,448,0,3,とつげきチョッキ,4.8
1049,ルカリオ,448,0,4,たつじんのおび,4.0
1050,ルカリオ,448,0,5,こだわりスカーフ,3.1
1051,ルカリオ,448,0,6,こだわりメガネ,2.7
1052,ルカリオ,448,0,7,ふうせん,1.2
1053,ルカリオ,448,0,8,こだわりハチマキ,1.1
1054,ルカリオ,448,0,9,ものしりメガネ,0.7
1055,ルカリオ,448,0,10,オボンのみ,0.7
1056,ヒポポタス,449,0,1,たべのこし,40.0
1057,ヒポポタス,449,0,2,ゴツゴツメット,20.0
1058,ヒポポタス,449,0,3,しんかのきせき,20.0
1059,ヒポポタス,449,0,4,きあいのタスキ,20.0
1060,カバルドン,450,0,1,オボンのみ,71.3
1061,カバルドン,450,0,2,ゴツゴツメット,6.9
1062,カバルドン,450,0,3,さらさらいわ,6.1
1063,カバルドン,450,0,4,メンタルハーブ,5.6
1064,カバルドン,450,0,5,たべのこし,4.6
1065,カバルドン,450,0,6,フィラのみ,1.3
1066,カバルドン,450,0,7,とつげきチョッキ,1.0
1067,カバルドン,450,0,8,こだわりハチマキ,0.6
1068,カバルドン,450,0,9,レッドカード,0.4
1069,カバルドン,450,0,10,ラムのみ,0.3
1070,グレッグル,453,0,1,きあいのタスキ,69.2
1071,グレッグル,453,0,2,しんかのきせき,30.8
1072,ドクロッグ,454,0,1,きあいのタスキ,31.6
1073,ドクロッグ,454,0,2,とつげきチョッキ,12.8
1074,ドクロッグ,454,0,3,いのちのたま,12.6
1075,ドクロッグ,454,0,4,ふうせん,9.9
1076,ドクロッグ,454,0,5,オボンのみ,4.8
1077,ドクロッグ,454,0,6,くろいヘドロ,4.7
1078,ドクロッグ,454,0,7,こだわりスカーフ,4.6
1079,ドクロッグ,454,0,8,たべのこし,3.5
1080,ドクロッグ,454,0,9,ちからのハチマキ,2.3
1081,ドクロッグ,454,0,10,パンチグローブ,2.1
1082,ケイコウオ,456,0,1,きあいのタスキ,85.7
1083,ケイコウオ,456,0,2,しんかのきせき,14.3
1084,ネオラント,457,0,1,たべのこし,37.6
1085,ネオラント,457,0,2,きあいのタスキ,11.7
1086,ネオラント,457,0,3,しめつけバンド,7.7
1087,ネオラント,457,0,4,おんみつマント,6.3
1088,ネオラント,457,0,5,ゴツゴツメット,6.2
1089,ネオラント,457,0,6,しめったいわ,5.6
1090,ネオラント,457,0,7,メンタルハーブ,5.1
1091,ネオラント,457,0,8,オボンのみ,3.0
1092,ネオラント,457,0,9,ひかりのこな,2.6
1093,ネオラント,457,0,10,たつじんのおび,2.1
1094,ユキカブリ,459,0,1,しんかのきせき,48.6
1095,ユキカブリ,459,0,2,きあいのタスキ,43.2
1096,ユキカブリ,459,0,3,つめたいいわ,5.4
1097,ユキカブリ,459,0,4,とけないこおり,2.7
1098,ユキノオー,460,0,1,ひかりのねんど,45.4
1099,ユキノオー,460,0,2,たべのこし,9.9
1100,ユキノオー,460,0,3,つめたいいわ,8.7
1101,ユキノオー,460,0,4,きあいのタスキ,8.6
1102,ユキノオー,460,0,5,だっしゅつパック,6.3
1103,ユキノオー,460,0,6,ゴツゴツメット,5.4
1104,ユキノオー,460,0,7,とつげきチョッキ,4.7
1105,ユキノオー,460,0,8,たつじんのおび,2.0
1106,ユキノオー,460,0,9,こだわりメガネ,1.7
1107,ユキノオー,460,0,10,いのちのたま,1.2
1108,マニューラ,461,0,1,きあいのタスキ,49.5
1109,マニューラ,461,0,2,いのちのたま,35.0
1110,マニューラ,461,0,3,こだわりハチマキ,2.6
1111,マニューラ,461,0,4,でかいきんのたま,2.4
1112,マニューラ,461,0,5,でんきだま,1.4
1113,マニューラ,461,0,6,こだわりスカーフ,1.2
1114,マニューラ,461,0,7,たつじんのおび,1.1
1115,マニューラ,461,0,8,たべのこし,1.0
1116,マニューラ,461,0,9,おうじゃのしるし,0.8
1117,マニューラ,461,0,10,とつげきチョッキ,0.6
1118,ジバコイル,462,0,1,とつげきチョッキ,52.3
1119,ジバコイル,462,0,2,こだわりメガネ,28.9
1120,ジバコイル,462,0,3,ふうせん,6.8
1121,ジバコイル,462,0,4,じゃくてんほけん,4.2
1122,ジバコイル,462,0,5,たべのこし,1.2
1123,ジバコイル,462,0,6,オボンのみ,0.8
1124,ジバコイル,462,0,7,おんみつマント,0.6
1125,ジバコイル,462,0,8,ゴツゴツメット,0.6
1126,ジバコイル,462,0,9,からぶりほけん,0.5
1127,ジバコイル,462,0,10,じしゃく,0.4
1128,リーフィア,470,0,1,ゴツゴツメット,55.1
1129,リーフィア,470,0,2,いのちのたま,14.7
1130,リーフィア,470,0,3,たべのこし,8.1
1131,リーフィア,470,0,4,いかさまダイス,5.1
1132,リーフィア,470,0,5,ピントレンズ,3.0
1133,リーフィア,470,0,6,オボンのみ,2.8
1134,リーフィア,470,0,7,きあいのタスキ,1.7
1135,リーフィア,470,0,8,じゃくてんほけん,1.4
1136,リーフィア,470,0,9,あついいわ,1.2
1137,リーフィア,470,0,10,するどいツメ,1.1
1138,グレイシア,471,0,1,とつげきチョッキ,37.1
1139,グレイシア,471,0,2,きあいのタスキ,13.2
1140,グレイシア,471,0,3,たつじんのおび,6.0
1141,グレイシア,471,0,4,たべのこし,5.5
1142,グレイシア,471,0,5,こだわりメガネ,5.5
1143,グレイシア,471,0,6,ラムのみ,5.4
1144,グレイシア,471,0,7,ひかりのこな,5.2
1145,グレイシア,471,0,8,オボンのみ,5.0
1146,グレイシア,471,0,9,いのちのたま,4.5
1147,グレイシア,471,0,10,ゴツゴツメット,3.1
1148,エルレイド,475,0,1,こだわりスカーフ,27.2
1149,エルレイド,475,0,2,とつげきチョッキ,19.0
1150,エルレイド,475,0,3,ピントレンズ,17.3
1151,エルレイド,475,0,4,きあいのタスキ,15.5
1152,エルレイド,475,0,5,たつじんのおび,3.8
1153,エルレイド,475,0,6,いのちのたま,3.4
1154,エルレイド,475,0,7,するどいツメ,2.8
1155,エルレイド,475,0,8,くろおび,2.0
1156,エルレイド,475,0,9,こだわりハチマキ,2.0
1157,エルレイド,475,0,10,からぶりほけん,1.4
1158,ユキメノコ,478,0,1,きあいのタスキ,71.6
1159,ユキメノコ,478,0,2,こだわりスカーフ,8.6
1160,ユキメノコ,478,0,3,ひかりのねんど,5.2
1161,ユキメノコ,478,0,4,ひかりのこな,3.3
1162,ユキメノコ,478,0,5,こだわりメガネ,1.6
1163,ユキメノコ,478,0,6,ぼうじんゴーグル,1.6
1164,ユキメノコ,478,0,7,こうかくレンズ,0.7
1165,ユキメノコ,478,0,8,メンタルハーブ,0.7
1166,ユキメノコ,478,0,9,ラムのみ,0.6
1167,ユキメノコ,478,0,10,せんせいのツメ,0.6
1168,ロトム,479,0,1,こだわりスカーフ,31.2
1169,ロトム,479,0,2,きあいのタスキ,23.2
1170,ロトム,479,0,3,こだわりメガネ,12.3
1171,ロトム,479,0,4,オボンのみ,7.4
1172,ロトム,479,0,5,たべのこし,6.8
1173,ロトム,479,0,6,ゴツゴツメット,6.3
1174,ロトム,479,0,7,ラムのみ,4.0
1175,ロトム,479,0,8,ひかりのこな,2.8
1176,ロトム,479,0,9,カムラのみ,1.0
1177,ロトム,479,0,10,ウイのみ,0.7
1178,ロトム,479,1,1,オボンのみ,31.4
1179,ロトム,479,1,2,こだわりスカーフ,23.7
1180,ロトム,479,1,3,こだわりメガネ,16.9
1181,ロトム,479,1,4,とつげきチョッキ,8.4
1182,ロトム,479,1,5,ゴツゴツメット,5.7
1183,ロトム,479,1,6,かえんだま,4.7
1184,ロトム,479,1,7,たべのこし,2.8
1185,ロトム,479,1,8,だっしゅつパック,0.9
1186,ロトム,479,1,9,ぼうじんゴーグル,0.7
1187,ロトム,479,1,10,ひかりのねんど,0.5
1188,ロトム,479,2,1,こだわりメガネ,38.9
1189,ロトム,479,2,2,オボンのみ,21.6
1190,ロトム,479,2,3,こだわりスカーフ,19.7
1191,ロトム,479,2,4,とつげきチョッキ,9.5
1192,ロトム,479,2,5,たべのこし,2.8
1193,ロトム,479,2,6,ゴツゴツメット,1.5
1194,ロトム,479,2,7,おんみつマント,1.1
1195,ロトム,479,2,8,こうかくレンズ,0.8
1196,ロトム,479,2,9,たつじんのおび,0.7
1197,ロトム,479,2,10,ひかりのねんど,0.7
1198,ロトム,479,3,1,こだわりスカーフ,49.1
1199,ロトム,479,3,2,こだわりメガネ,13.6
1200,ロトム,479,3,3,とつげきチョッキ,11.2
1201,ロトム,479,3,4,からぶりほけん,4.1
1202,ロトム,479,3,5,オボンのみ,4.0
1203,ロトム,479,3,6,こうこうのしっぽ,3.6
1204,ロトム,479,3,7,こうかくレンズ,3.2
1205,ロトム,479,3,8,たべのこし,2.0
1206,ロトム,479,3,9,ひかりのねんど,1.3
1207,ロトム,479,3,10,カゴのみ,1.2
1208,ロトム,479,4,1,こだわりスカーフ,27.7
1209,ロトム,479,4,2,たべのこし,14.8
1210,ロトム,479,4,3,こだわりメガネ,13.1
1211,ロトム,479,4,4,オボンのみ,8.1
1212,ロトム,479,4,5,ぼうじんゴーグル,5.2
1213,ロトム,479,4,6,とつげきチョッキ,4.9
1214,ロトム,479,4,7,ひかりのねんど,2.9
1215,ロトム,479,4,8,メンタルハーブ,2.0
1216,ロトム,479,4,9,ゴツゴツメット,1.9
1217,ロトム,479,4,10,おうじゃのしるし,1.9
1218,ロトム,479,5,1,こだわりメガネ,51.9
1219,ロトム,479,5,2,こだわりスカーフ,20.0
1220,ロトム,479,5,3,オボンのみ,5.7
1221,ロトム,479,5,4,たつじんのおび,4.4
1222,ロトム,479,5,5,とつげきチョッキ,4.1
1223,ロトム,479,5,6,だっしゅつパック,2.9
1224,ロトム,479,5,7,おんみつマント,2.4
1225,ロトム,479,5,8,たべのこし,1.9
1226,ロトム,479,5,9,こうかくレンズ,1.3
1227,ロトム,479,5,10,ゴツゴツメット,1.0
1228,チュリネ,548,0,1,しんかのきせき,100.0
1229,ドレディア,549,0,1,いのちのたま,35.6
1230,ドレディア,549,0,2,たべのこし,12.2
1231,ドレディア,549,0,3,きあいのタスキ,9.4
1232,ドレディア,549,0,4,ゴツゴツメット,8.5
1233,ドレディア,549,0,5,おんみつマント,6.1
1234,ドレディア,549,0,6,こうかくレンズ,3.7
1235,ドレディア,549,0,7,オボンのみ,3.3
1236,ドレディア,549,0,8,きせきのタネ,2.0
1237,ドレディア,549,0,9,メンタルハーブ,1.9
1238,ドレディア,549,0,10,ラムのみ,1.8
1239,バスラオ,550,0,1,こだわりスカーフ,33.2
1240,バスラオ,550,0,2,こだわりハチマキ,30.2
1241,バスラオ,550,0,3,いのちのたま,16.4
1242,バスラオ,550,0,4,きあいのタスキ,16.1
1243,バスラオ,550,0,5,かたいいし,1.8
1244,バスラオ,550,0,6,とつげきチョッキ,1.1
1245,バスラオ,550,0,7,しんぴのしずく,0.6
1246,バスラオ,550,0,8,ちからのハチマキ,0.3
1247,バスラオ,550,0,9,たつじんのおび,0.2
1248,バスラオ,550,0,10,フィラのみ,0.2
1249,バスラオ,550,1,1,きあいのタスキ,52.0
1250,バスラオ,550,1,2,こだわりハチマキ,19.6
1251,バスラオ,550,1,3,こだわりスカーフ,17.0
1252,バスラオ,550,1,4,いのちのたま,7.4
1253,バスラオ,550,1,5,ひかりのこな,2.0
1254,バスラオ,550,1,6,しんぴのしずく,1.8
1255,バスラオ,550,1,7,しんかのきせき,0.2
1256,メグロコ,551,0,1,こだわりスカーフ,100.0
1257,ワルビル,552,0,1,しんかのきせき,100.0
1258,ワルビアル,553,0,1,こだわりスカーフ,19.4
1259,ワルビアル,553,0,2,でんきだま,19.1
1260,ワルビアル,553,0,3,きあいのタスキ,17.4
1261,ワルビアル,553,0,4,じゃくてんほけん,5.5
1262,ワルビアル,553,0,5,とつげきチョッキ,5.3
1263,ワルビアル,553,0,6,ゴツゴツメット,4.2
1264,ワルビアル,553,0,7,いのちのたま,3.9
1265,ワルビアル,553,0,8,オボンのみ,3.4
1266,ワルビアル,553,0,9,こだわりハチマキ,3.2
1267,ワルビアル,553,0,10,たべのこし,3.2
1268,ゾロア,570,0,1,きあいのタスキ,43.1
1269,ゾロア,570,0,2,ぼうじんゴーグル,26.5
1270,ゾロア,570,0,3,しんかのきせき,11.5
1271,ゾロア,570,0,4,こだわりスカーフ,8.7
1272,ゾロア,570,0,5,わざマシン０１８,5.9
1273,ゾロア,570,0,6,おんみつマント,2.5
1274,ゾロア,570,0,7,いのちのたま,1.1
1275,ゾロア,570,0,8,とつげきチョッキ,0.6
1276,ゾロアーク,571,0,1,こだわりスカーフ,38.7
1277,ゾロアーク,571,0,2,きあいのタスキ,34.0
1278,ゾロアーク,571,0,3,こだわりメガネ,10.3
1279,ゾロアーク,571,0,4,いのちのたま,6.4
1280,ゾロアーク,571,0,5,こだわりハチマキ,1.9
1281,ゾロアーク,571,0,6,ふうせん,1.9
1282,ゾロアーク,571,0,7,くろいメガネ,1.1
1283,ゾロアーク,571,0,8,たつじんのおび,0.8
1284,ゾロアーク,571,0,9,ひかりのこな,0.6
1285,ゾロアーク,571,0,10,ものしりメガネ,0.5
1286,ゴチミル,575,0,1,しんかのきせき,97.1
1287,ゴチミル,575,0,2,たべのこし,2.5
1288,ゴチミル,575,0,3,カゴのみ,0.3
1289,ゴチルゼル,576,0,1,たべのこし,26.0
1290,ゴチルゼル,576,0,2,こだわりスカーフ,22.8
1291,ゴチルゼル,576,0,3,おんみつマント,18.9
1292,ゴチルゼル,576,0,4,カゴのみ,8.7
1293,ゴチルゼル,576,0,5,ぼうじんゴーグル,7.0
1294,ゴチルゼル,576,0,6,こだわりメガネ,4.2
1295,ゴチルゼル,576,0,7,オボンのみ,2.7
1296,ゴチルゼル,576,0,8,ラムのみ,2.0
1297,ゴチルゼル,576,0,9,ふうせん,1.0
1298,ゴチルゼル,576,0,10,からぶりほけん,0.8
1299,シキジカ,585,0,1,しんかのきせき,75.0
1300,シキジカ,585,0,2,きあいのタスキ,25.0
1301,メブキジカ,586,0,1,こだわりスカーフ,21.5
1302,メブキジカ,586,0,2,おうじゃのしるし,16.8
1303,メブキジカ,586,0,3,いのちのたま,13.9
1304,メブキジカ,586,0,4,きあいのタスキ,12.8
1305,メブキジカ,586,0,5,とつげきチョッキ,6.4
1306,メブキジカ,586,0,6,たべのこし,6.3
1307,メブキジカ,586,0,7,こだわりハチマキ,4.1
1308,メブキジカ,586,0,8,オボンのみ,3.5
1309,メブキジカ,586,0,9,おおきなねっこ,1.7
1310,メブキジカ,586,0,10,いかさまダイス,1.6
1311,タマゲタケ,590,0,1,しんかのきせき,100.0
1312,モロバレル,591,0,1,くろいヘドロ,50.9
1313,モロバレル,591,0,2,だっしゅつパック,14.3
1314,モロバレル,591,0,3,たべのこし,7.8
1315,モロバレル,591,0,4,ゴツゴツメット,7.3
1316,モロバレル,591,0,5,とつげきチョッキ,6.5
1317,モロバレル,591,0,6,いのちのたま,5.2
1318,モロバレル,591,0,7,オボンのみ,2.0
1319,モロバレル,591,0,8,こだわりメガネ,0.9
1320,モロバレル,591,0,9,おんみつマント,0.9
1321,モロバレル,591,0,10,メンタルハーブ,0.8
1322,ママンボウ,594,0,1,とつげきチョッキ,55.8
1323,ママンボウ,594,0,2,ゴツゴツメット,26.0
1324,ママンボウ,594,0,3,たべのこし,9.0
1325,ママンボウ,594,0,4,オボンのみ,3.6
1326,ママンボウ,594,0,5,しめつけバンド,2.0
1327,ママンボウ,594,0,6,おんみつマント,0.8
1328,ママンボウ,594,0,7,きあいのタスキ,0.7
1329,ママンボウ,594,0,8,レッドカード,0.6
1330,ママンボウ,594,0,9,いのちのたま,0.3
1331,ママンボウ,594,0,10,フィラのみ,0.3
1332,シビシラス,602,0,1,ブーストエナジー,50.0
1333,シビシラス,602,0,2,しんかのきせき,50.0
1334,シビビール,603,0,1,しんかのきせき,100.0
1335,シビルドン,604,0,1,とつげきチョッキ,30.8
1336,シビルドン,604,0,2,たつじんのおび,17.4
1337,シビルドン,604,0,3,たべのこし,11.6
1338,シビルドン,604,0,4,いのちのたま,9.8
1339,シビルドン,604,0,5,オボンのみ,6.8
1340,シビルドン,604,0,6,からぶりほけん,5.0
1341,シビルドン,604,0,7,ゴツゴツメット,4.5
1342,シビルドン,604,0,8,ラムのみ,1.4
1343,シビルドン,604,0,9,おんみつマント,1.3
1344,シビルドン,604,0,10,レッドカード,1.2
1345,キバゴ,610,0,1,きあいのタスキ,35.7
1346,キバゴ,610,0,2,フィラのみ,28.6
1347,キバゴ,610,0,3,いのちのたま,28.6
1348,キバゴ,610,0,4,しんかのきせき,7.1
1349,オノンド,611,0,1,いのちのたま,53.4
1350,オノンド,611,0,2,しんかのきせき,37.9
1351,オノンド,611,0,3,きあいのタスキ,2.3
1352,オノンド,611,0,4,ラムのみ,2.3
1353,オノンド,611,0,5,オボンのみ,1.8
1354,オノンド,611,0,6,りゅうのキバ,1.4
1355,オノンド,611,0,7,マゴのみ,0.9
1356,オノノクス,612,0,1,ラムのみ,40.1
1357,オノノクス,612,0,2,こだわりスカーフ,16.7
1358,オノノクス,612,0,3,いのちのたま,14.7
1359,オノノクス,612,0,4,きあいのタスキ,12.3
1360,オノノクス,612,0,5,こだわりハチマキ,4.0
1361,オノノクス,612,0,6,たつじんのおび,2.2
1362,オノノクス,612,0,7,とつげきチョッキ,1.5
1363,オノノクス,612,0,8,ものまねハーブ,1.3
1364,オノノクス,612,0,9,オボンのみ,0.9
1365,オノノクス,612,0,10,ちからのハチマキ,0.8
1366,クマシュン,613,0,1,きあいのタスキ,51.4
1367,クマシュン,613,0,2,ヒメリのみ,32.4
1368,クマシュン,613,0,3,しんかのきせき,16.2
1369,ツンベアー,614,0,1,いのちのたま,46.1
1370,ツンベアー,614,0,2,とつげきチョッキ,14.0
1371,ツンベアー,614,0,3,じゃくてんほけん,10.6
1372,ツンベアー,614,0,4,こだわりハチマキ,4.9
1373,ツンベアー,614,0,5,きあいのタスキ,3.2
1374,ツンベアー,614,0,6,たつじんのおび,2.8
1375,ツンベアー,614,0,7,こだわりスカーフ,2.7
1376,ツンベアー,614,0,8,ラムのみ,2.5
1377,ツンベアー,614,0,9,こうかくレンズ,2.2
1378,ツンベアー,614,0,10,くろおび,2.0
1379,フリージオ,615,0,1,たべのこし,25.2
1380,フリージオ,615,0,2,ズアのみ,12.8
1381,フリージオ,615,0,3,とつげきチョッキ,7.4
1382,フリージオ,615,0,4,オボンのみ,7.2
1383,フリージオ,615,0,5,ひかりのねんど,6.6
1384,フリージオ,615,0,6,きあいのタスキ,6.5
1385,フリージオ,615,0,7,ゴツゴツメット,4.2
1386,フリージオ,615,0,8,おんみつマント,3.3
1387,フリージオ,615,0,9,とけないこおり,2.4
1388,フリージオ,615,0,10,こうかくレンズ,2.3
1389,コマタナ,624,0,1,きあいのタスキ,70.5
1390,コマタナ,624,0,2,しんかのきせき,18.2
1391,コマタナ,624,0,3,ラムのみ,11.4
1392,キリキザン,625,0,1,しんかのきせき,97.4
1393,キリキザン,625,0,2,きあいのタスキ,1.5
1394,キリキザン,625,0,3,こだわりスカーフ,0.3
1395,キリキザン,625,0,4,とつげきチョッキ,0.2
1396,キリキザン,625,0,5,ふうせん,0.2
1397,キリキザン,625,0,6,いのちのたま,0.1
1398,キリキザン,625,0,7,こだわりハチマキ,0.0
1399,キリキザン,625,0,8,たべのこし,0.0
1400,キリキザン,625,0,9,クリアチャーム,0.0
1401,キリキザン,625,0,10,オボンのみ,0.0
1402,ワシボン,627,0,1,こだわりスカーフ,32.9
1403,ワシボン,627,0,2,きあいのタスキ,24.3
1404,ワシボン,627,0,3,こだわりハチマキ,14.3
1405,ワシボン,627,0,4,いのちのたま,12.9
1406,ワシボン,627,0,5,しんかのきせき,8.6
1407,ワシボン,627,0,6,あつぞこブーツ,7.1
1408,ウォーグル,628,0,1,いのちのたま,42.2
1409,ウォーグル,628,0,2,こだわりスカーフ,21.1
1410,ウォーグル,628,0,3,パワフルハーブ,17.2
1411,ウォーグル,628,0,4,オボンのみ,5.1
1412,ウォーグル,628,0,5,こだわりハチマキ,3.8
1413,ウォーグル,628,0,6,ちからのハチマキ,2.5
1414,ウォーグル,628,0,7,とつげきチョッキ,2.0
1415,ウォーグル,628,0,8,ラムのみ,1.9
1416,ウォーグル,628,0,9,じゃくてんほけん,0.9
1417,ウォーグル,628,0,10,たべのこし,0.6
1418,モノズ,633,0,1,ゴツゴツメット,100.0
1419,ジヘッド,634,0,1,しんかのきせき,71.2
1420,ジヘッド,634,0,2,こだわりスカーフ,17.8
1421,ジヘッド,634,0,3,からぶりほけん,5.9
1422,ジヘッド,634,0,4,いのちのたま,4.2
1423,ジヘッド,634,0,5,フォーカスレンズ,0.8
1424,サザンドラ,635,0,1,こだわりメガネ,31.1
1425,サザンドラ,635,0,2,こだわりスカーフ,18.5
1426,サザンドラ,635,0,3,たべのこし,13.3
1427,サザンドラ,635,0,4,いのちのたま,10.7
1428,サザンドラ,635,0,5,きあいのタスキ,7.2
1429,サザンドラ,635,0,6,とつげきチョッキ,3.8
1430,サザンドラ,635,0,7,オボンのみ,3.0
1431,サザンドラ,635,0,8,たつじんのおび,1.6
1432,サザンドラ,635,0,9,ラムのみ,1.5
1433,サザンドラ,635,0,10,おんみつマント,1.3
1434,メラルバ,636,0,1,しんかのきせき,47.3
1435,メラルバ,636,0,2,オボンのみ,44.2
1436,メラルバ,636,0,3,きあいのタスキ,6.1
1437,メラルバ,636,0,4,とつげきチョッキ,1.8
1438,メラルバ,636,0,5,いのちのたま,0.6
1439,ウルガモス,637,0,1,あつぞこブーツ,42.2
1440,ウルガモス,637,0,2,オボンのみ,23.5
1441,ウルガモス,637,0,3,ラムのみ,12.2
1442,ウルガモス,637,0,4,たべのこし,4.2
1443,ウルガモス,637,0,5,こだわりメガネ,3.3
1444,ウルガモス,637,0,6,きあいのタスキ,2.5
1445,ウルガモス,637,0,7,いのちのたま,2.4
1446,ウルガモス,637,0,8,おんみつマント,2.0
1447,ウルガモス,637,0,9,ゴツゴツメット,1.6
1448,ウルガモス,637,0,10,ものしりメガネ,0.7
1449,ヤヤコマ,661,0,1,きあいのタスキ,72.5
1450,ヤヤコマ,661,0,2,だっしゅつボタン,15.0
1451,ヤヤコマ,661,0,3,どくどくだま,12.5
1452,ヒノヤコマ,662,0,1,しんかのきせき,96.9
1453,ヒノヤコマ,662,0,2,ひかりのこな,3.1
1454,ファイアロー,663,0,1,ゴツゴツメット,32.6
1455,ファイアロー,663,0,2,こだわりハチマキ,22.3
1456,ファイアロー,663,0,3,あつぞこブーツ,9.6
1457,ファイアロー,663,0,4,こだわりメガネ,6.2
1458,ファイアロー,663,0,5,するどいくちばし,4.2
1459,ファイアロー,663,0,6,いのちのたま,3.8
1460,ファイアロー,663,0,7,きあいのタスキ,3.4
1461,ファイアロー,663,0,8,だっしゅつボタン,3.3
1462,ファイアロー,663,0,9,オボンのみ,2.8
1463,ファイアロー,663,0,10,たべのこし,1.5
1464,ビビヨン,666,18,1,たべのこし,72.6
1465,ビビヨン,666,18,2,きあいのタスキ,16.6
1466,ビビヨン,666,18,3,あつぞこブーツ,4.4
1467,ビビヨン,666,18,4,こうかくレンズ,1.8
1468,ビビヨン,666,18,5,ひかりのこな,0.7
1469,ビビヨン,666,18,6,オボンのみ,0.7
1470,ビビヨン,666,18,7,こだわりスカーフ,0.6
1471,ビビヨン,666,18,8,せんせいのツメ,0.3
1472,ビビヨン,666,18,9,ものしりメガネ,0.3
1473,ビビヨン,666,18,10,するどいくちばし,0.3
1474,シシコ,667,0,1,しんかのきせき,77.8
1475,シシコ,667,0,2,きあいのタスキ,22.2
1476,カエンジシ,668,0,1,きあいのタスキ,15.2
1477,カエンジシ,668,0,2,のどスプレー,13.5
1478,カエンジシ,668,0,3,いのちのたま,12.9
1479,カエンジシ,668,0,4,こだわりメガネ,10.3
1480,カエンジシ,668,0,5,たべのこし,8.9
1481,カエンジシ,668,0,6,ゴツゴツメット,7.8
1482,カエンジシ,668,0,7,とつげきチョッキ,5.4
1483,カエンジシ,668,0,8,オボンのみ,4.5
1484,カエンジシ,668,0,9,こだわりスカーフ,2.9
1485,カエンジシ,668,0,10,だっしゅつパック,2.5
1486,フラエッテ,670,0,1,しんかのきせき,87.9
1487,フラエッテ,670,0,2,こうこうのしっぽ,6.1
1488,フラエッテ,670,0,3,ものまねハーブ,6.1
1489,フラージェス,671,0,1,たべのこし,26.1
1490,フラージェス,671,0,2,おんみつマント,14.3
1491,フラージェス,671,0,3,こだわりメガネ,12.5
1492,フラージェス,671,0,4,とつげきチョッキ,11.1
1493,フラージェス,671,0,5,じゃくてんほけん,5.9
1494,フラージェス,671,0,6,オボンのみ,5.6
1495,フラージェス,671,0,7,ラムのみ,5.6
1496,フラージェス,671,0,8,こうこうのしっぽ,3.9
1497,フラージェス,671,0,9,こだわりスカーフ,3.2
1498,フラージェス,671,0,10,いのちのたま,1.6
1499,メェークル,672,0,1,しんかのきせき,100.0
1500,ゴーゴート,673,0,1,ラムのみ,17.9
1501,ゴーゴート,673,0,2,こだわりメガネ,16.9
1502,ゴーゴート,673,0,3,オボンのみ,13.5
1503,ゴーゴート,673,0,4,とつげきチョッキ,13.4
1504,ゴーゴート,673,0,5,たべのこし,7.8
1505,ゴーゴート,673,0,6,グラスシード,6.7
1506,ゴーゴート,673,0,7,おおきなねっこ,3.1
1507,ゴーゴート,673,0,8,いのちのたま,3.1
1508,ゴーゴート,673,0,9,ゴツゴツメット,2.5
1509,ゴーゴート,673,0,10,たつじんのおび,2.0
1510,クズモー,690,0,1,こだわりメガネ,85.7
1511,クズモー,690,0,2,いのちのたま,14.3
1512,ドラミドロ,691,0,1,とつげきチョッキ,38.9
1513,ドラミドロ,691,0,2,こだわりメガネ,35.5
1514,ドラミドロ,691,0,3,いのちのたま,10.2
1515,ドラミドロ,691,0,4,くろいヘドロ,4.4
1516,ドラミドロ,691,0,5,オボンのみ,1.3
1517,ドラミドロ,691,0,6,たべのこし,1.0
1518,ドラミドロ,691,0,7,ものしりメガネ,0.8
1519,ドラミドロ,691,0,8,ぼうじんゴーグル,0.8
1520,ドラミドロ,691,0,9,たつじんのおび,0.7
1521,ドラミドロ,691,0,10,だっしゅつパック,0.7
1522,ウデッポウ,692,0,1,こだわりスカーフ,66.7
1523,ウデッポウ,692,0,2,いのちのたま,33.3
1524,ブロスター,693,0,1,とつげきチョッキ,69.3
1525,ブロスター,693,0,2,こだわりメガネ,9.0
1526,ブロスター,693,0,3,いのちのたま,5.8
1527,ブロスター,693,0,4,たつじんのおび,4.8
1528,ブロスター,693,0,5,ものしりメガネ,2.4
1529,ブロスター,693,0,6,こだわりスカーフ,1.7
1530,ブロスター,693,0,7,オボンのみ,1.7
1531,ブロスター,693,0,8,きあいのタスキ,1.2
1532,ブロスター,693,0,9,せんせいのツメ,1.1
1533,ブロスター,693,0,10,おんみつマント,1.0
1534,ニンフィア,700,0,1,とつげきチョッキ,49.7
1535,ニンフィア,700,0,2,たべのこし,16.8
1536,ニンフィア,700,0,3,こだわりメガネ,7.8
1537,ニンフィア,700,0,4,オボンのみ,6.9
1538,ニンフィア,700,0,5,のどスプレー,6.9
1539,ニンフィア,700,0,6,ゴツゴツメット,2.2
1540,ニンフィア,700,0,7,いのちのたま,1.5
1541,ニンフィア,700,0,8,ものしりメガネ,1.3
1542,ニンフィア,700,0,9,ラムのみ,1.2
1543,ニンフィア,700,0,10,おんみつマント,1.1
1544,ルチャブル,701,0,1,パワフルハーブ,43.1
1545,ルチャブル,701,0,2,きあいのタスキ,11.4
1546,ルチャブル,701,0,3,オボンのみ,7.3
1547,ルチャブル,701,0,4,エレキシード,6.1
1548,ルチャブル,701,0,5,サイコシード,5.7
1549,ルチャブル,701,0,6,レッドカード,3.8
1550,ルチャブル,701,0,7,しろいハーブ,3.5
1551,ルチャブル,701,0,8,ものまねハーブ,2.7
1552,ルチャブル,701,0,9,チイラのみ,2.4
1553,ルチャブル,701,0,10,いのちのたま,2.0
1554,デデンネ,702,0,1,オボンのみ,71.2
1555,デデンネ,702,0,2,きあいのタスキ,10.7
1556,デデンネ,702,0,3,こだわりメガネ,2.6
1557,デデンネ,702,0,4,フィラのみ,2.6
1558,デデンネ,702,0,5,いのちのたま,1.6
1559,デデンネ,702,0,6,ひかりのねんど,1.5
1560,デデンネ,702,0,7,シュカのみ,1.1
1561,デデンネ,702,0,8,ヤタピのみ,0.9
1562,デデンネ,702,0,9,グランドコート,0.8
1563,デデンネ,702,0,10,ウイのみ,0.8
1564,ヌメラ,704,0,1,きあいのタスキ,82.5
1565,ヌメラ,704,0,2,ノーマルジュエル,17.5
1566,ヌメイル,705,0,1,しんかのきせき,96.2
1567,ヌメイル,705,0,2,とつげきチョッキ,3.8
1568,ヌメルゴン,706,0,1,とつげきチョッキ,70.8
1569,ヌメルゴン,706,0,2,たべのこし,8.5
1570,ヌメルゴン,706,0,3,こだわりメガネ,5.2
1571,ヌメルゴン,706,0,4,たつじんのおび,3.2
1572,ヌメルゴン,706,0,5,オボンのみ,2.1
1573,ヌメルゴン,706,0,6,いのちのたま,1.6
1574,ヌメルゴン,706,0,7,ゴツゴツメット,1.5
1575,ヌメルゴン,706,0,8,おんみつマント,1.0
1576,ヌメルゴン,706,0,9,じゃくてんほけん,1.0
1577,ヌメルゴン,706,0,10,ラムのみ,0.8
1578,クレッフィ,707,0,1,ひかりのねんど,62.3
1579,クレッフィ,707,0,2,たべのこし,7.3
1580,クレッフィ,707,0,3,こだわりメガネ,4.4
1581,クレッフィ,707,0,4,じゃくてんほけん,4.1
1582,クレッフィ,707,0,5,こうこうのしっぽ,2.8
1583,クレッフィ,707,0,6,しめったいわ,2.8
1584,クレッフィ,707,0,7,ゴツゴツメット,1.9
1585,クレッフィ,707,0,8,だっしゅつボタン,1.7
1586,クレッフィ,707,0,9,オボンのみ,1.6
1587,クレッフィ,707,0,10,ふうせん,1.4
1588,カチコール,712,0,1,しんかのきせき,63.4
1589,カチコール,712,0,2,マゴのみ,28.0
1590,カチコール,712,0,3,とけないこおり,3.7
1591,カチコール,712,0,4,せんせいのツメ,2.4
1592,カチコール,712,0,5,ウイのみ,2.4
1593,クレベース,713,0,1,あつぞこブーツ,44.1
1594,クレベース,713,0,2,ゴツゴツメット,30.4
1595,クレベース,713,0,3,たべのこし,9.0
1596,クレベース,713,0,4,オボンのみ,4.8
1597,クレベース,713,0,5,フィラのみ,2.7
1598,クレベース,713,0,6,おんみつマント,2.1
1599,クレベース,713,0,7,ぼうじんゴーグル,0.9
1600,クレベース,713,0,8,じゃくてんほけん,0.6
1601,クレベース,713,0,9,メンタルハーブ,0.6
1602,クレベース,713,0,10,イアのみ,0.6
1603,オンバット,714,0,1,きあいのタスキ,54.5
1604,オンバット,714,0,2,ものしりメガネ,27.3
1605,オンバット,714,0,3,のどスプレー,18.2
1606,オンバーン,715,0,1,こだわりメガネ,28.1
1607,オンバーン,715,0,2,のどスプレー,17.9
1608,オンバーン,715,0,3,こだわりスカーフ,12.9
1609,オンバーン,715,0,4,いのちのたま,12.2
1610,オンバーン,715,0,5,きあいのタスキ,8.9
1611,オンバーン,715,0,6,だっしゅつパック,5.7
1612,オンバーン,715,0,7,レッドカード,2.5
1613,オンバーン,715,0,8,ものしりメガネ,1.3
1614,オンバーン,715,0,9,こうかくレンズ,1.1
1615,オンバーン,715,0,10,とつげきチョッキ,1.1
1616,ヤングース,734,0,1,きあいのタスキ,93.1
1617,ヤングース,734,0,2,いのちのたま,6.9
1618,デカグース,735,0,1,いのちのたま,19.8
1619,デカグース,735,0,2,きあいのタスキ,19.3
1620,デカグース,735,0,3,ノーマルジュエル,11.1
1621,デカグース,735,0,4,こだわりハチマキ,8.5
1622,デカグース,735,0,5,レッドカード,8.0
1623,デカグース,735,0,6,オボンのみ,4.6
1624,デカグース,735,0,7,ラムのみ,4.2
1625,デカグース,735,0,8,おうじゃのしるし,4.2
1626,デカグース,735,0,9,シルクのスカーフ,3.1
1627,デカグース,735,0,10,せんせいのツメ,2.2
1628,マケンカニ,739,0,1,しんかのきせき,100.0
1629,ケケンカニ,740,0,1,パンチグローブ,34.1
1630,ケケンカニ,740,0,2,いのちのたま,23.1
1631,ケケンカニ,740,0,3,とつげきチョッキ,15.3
1632,ケケンカニ,740,0,4,オボンのみ,8.9
1633,ケケンカニ,740,0,5,せんせいのツメ,5.5
1634,ケケンカニ,740,0,6,こだわりハチマキ,2.6
1635,ケケンカニ,740,0,7,からぶりほけん,1.6
1636,ケケンカニ,740,0,8,きあいのタスキ,1.5
1637,ケケンカニ,740,0,9,だっしゅつパック,1.4
1638,ケケンカニ,740,0,10,たつじんのおび,1.3
1639,オドリドリ,741,0,1,ものまねハーブ,22.0
1640,オドリドリ,741,0,2,あつぞこブーツ,20.3
1641,オドリドリ,741,0,3,きあいのタスキ,14.2
1642,オドリドリ,741,0,4,おんみつマント,9.2
1643,オドリドリ,741,0,5,オボンのみ,9.0
1644,オドリドリ,741,0,6,たべのこし,7.0
1645,オドリドリ,741,0,7,ラムのみ,5.9
1646,オドリドリ,741,0,8,ゴツゴツメット,2.4
1647,オドリドリ,741,0,9,いのちのたま,1.6
1648,オドリドリ,741,0,10,メトロノーム,1.2
1649,オドリドリ,741,1,1,オボンのみ,26.2
1650,オドリドリ,741,1,2,ものまねハーブ,21.2
1651,オドリドリ,741,1,3,おんみつマント,10.4
1652,オドリドリ,741,1,4,たべのこし,9.5
1653,オドリドリ,741,1,5,きあいのタスキ,7.8
1654,オドリドリ,741,1,6,ゴツゴツメット,5.7
1655,オドリドリ,741,1,7,メンタルハーブ,4.8
1656,オドリドリ,741,1,8,ラムのみ,4.1
1657,オドリドリ,741,1,9,ぼうじんゴーグル,2.0
1658,オドリドリ,741,1,10,いのちのたま,1.1
1659,オドリドリ,741,2,1,きあいのタスキ,41.5
1660,オドリドリ,741,2,2,じゃくてんほけん,30.4
1661,オドリドリ,741,2,3,おんみつマント,11.4
1662,オドリドリ,741,2,4,ものまねハーブ,6.2
1663,オドリドリ,741,2,5,オボンのみ,5.2
1664,オドリドリ,741,2,6,レッドカード,2.0
1665,オドリドリ,741,2,7,いのちのたま,1.3
1666,オドリドリ,741,2,8,たつじんのおび,1.0
1667,オドリドリ,741,2,9,メンタルハーブ,0.7
1668,オドリドリ,741,2,10,たべのこし,0.3
1669,オドリドリ,741,3,1,ものまねハーブ,33.2
1670,オドリドリ,741,3,2,きあいのタスキ,18.3
1671,オドリドリ,741,3,3,おんみつマント,7.8
1672,オドリドリ,741,3,4,ゴツゴツメット,5.8
1673,オドリドリ,741,3,5,じゃくてんほけん,5.6
1674,オドリドリ,741,3,6,ラムのみ,5.2
1675,オドリドリ,741,3,7,たべのこし,4.8
1676,オドリドリ,741,3,8,オボンのみ,4.2
1677,オドリドリ,741,3,9,ものしりメガネ,2.7
1678,オドリドリ,741,3,10,いのちのたま,1.6
1679,イワンコ,744,0,1,きちょうなホネ,100.0
1680,ルガルガン,745,0,1,きあいのタスキ,62.1
1681,ルガルガン,745,0,2,いのちのたま,15.8
1682,ルガルガン,745,0,3,いかさまダイス,9.0
1683,ルガルガン,745,0,4,こだわりハチマキ,2.6
1684,ルガルガン,745,0,5,ピントレンズ,2.1
1685,ルガルガン,745,0,6,レッドカード,1.5
1686,ルガルガン,745,0,7,するどいツメ,1.4
1687,ルガルガン,745,0,8,とつげきチョッキ,0.9
1688,ルガルガン,745,0,9,だっしゅつパック,0.9
1689,ルガルガン,745,0,10,ゴツゴツメット,0.8
1690,ルガルガン,745,1,1,きあいのタスキ,51.6
1691,ルガルガン,745,1,2,こだわりスカーフ,19.1
1692,ルガルガン,745,1,3,ピントレンズ,5.6
1693,ルガルガン,745,1,4,いのちのたま,4.1
1694,ルガルガン,745,1,5,でんきだま,2.5
1695,ルガルガン,745,1,6,いかさまダイス,2.4
1696,ルガルガン,745,1,7,ラムのみ,2.2
1697,ルガルガン,745,1,8,オボンのみ,1.8
1698,ルガルガン,745,1,9,ものまねハーブ,1.6
1699,ルガルガン,745,1,10,とつげきチョッキ,1.5
1700,ルガルガン,745,2,1,きあいのタスキ,80.1
1701,ルガルガン,745,2,2,いのちのたま,11.4
1702,ルガルガン,745,2,3,こだわりハチマキ,3.7
1703,ルガルガン,745,2,4,かたいいし,0.7
1704,ルガルガン,745,2,5,こだわりスカーフ,0.7
1705,ルガルガン,745,2,6,いかさまダイス,0.7
1706,ルガルガン,745,2,7,たつじんのおび,0.5
1707,ルガルガン,745,2,8,とつげきチョッキ,0.5
1708,ルガルガン,745,2,9,ちからのハチマキ,0.3
1709,ルガルガン,745,2,10,おうじゃのしるし,0.2
1710,ヒドイデ,747,0,1,くろいヘドロ,100.0
1711,ドヒドイデ,748,0,1,くろいヘドロ,40.9
1712,ドヒドイデ,748,0,2,メンタルハーブ,28.3
1713,ドヒドイデ,748,0,3,たべのこし,14.4
1714,ドヒドイデ,748,0,4,ふうせん,4.6
1715,ドヒドイデ,748,0,5,ゴツゴツメット,4.5
1716,ドヒドイデ,748,0,6,おんみつマント,1.9
1717,ドヒドイデ,748,0,7,しめつけバンド,1.2
1718,ドヒドイデ,748,0,8,オボンのみ,0.7
1719,ドヒドイデ,748,0,9,ぼうじんゴーグル,0.5
1720,ドヒドイデ,748,0,10,レッドカード,0.4
1721,ドロバンコ,749,0,1,しんかのきせき,42.3
1722,ドロバンコ,749,0,2,きあいのタスキ,23.1
1723,ドロバンコ,749,0,3,カムラのみ,19.2
1724,ドロバンコ,749,0,4,とつげきチョッキ,11.5
1725,ドロバンコ,749,0,5,ゴツゴツメット,3.8
1726,バンバドロ,750,0,1,オボンのみ,60.6
1727,バンバドロ,750,0,2,たべのこし,9.8
1728,バンバドロ,750,0,3,ゴツゴツメット,9.2
1729,バンバドロ,750,0,4,カゴのみ,7.7
1730,バンバドロ,750,0,5,とつげきチョッキ,5.2
1731,バンバドロ,750,0,6,フィラのみ,2.5
1732,バンバドロ,750,0,7,ラムのみ,1.4
1733,バンバドロ,750,0,8,メンタルハーブ,0.7
1734,バンバドロ,750,0,9,ウイのみ,0.4
1735,バンバドロ,750,0,10,バンジのみ,0.3
1736,カリキリ,753,0,1,こだわりメガネ,100.0
1737,ラランテス,754,0,1,とつげきチョッキ,38.9
1738,ラランテス,754,0,2,たべのこし,24.3
1739,ラランテス,754,0,3,こだわりメガネ,8.4
1740,ラランテス,754,0,4,オボンのみ,5.0
1741,ラランテス,754,0,5,こうかくレンズ,4.3
1742,ラランテス,754,0,6,せんせいのツメ,4.0
1743,ラランテス,754,0,7,ラムのみ,2.9
1744,ラランテス,754,0,8,いのちのたま,2.1
1745,ラランテス,754,0,9,きせきのタネ,1.9
1746,ラランテス,754,0,10,ゴツゴツメット,1.0
1747,ヤトウモリ,757,0,1,きあいのタスキ,50.0
1748,ヤトウモリ,757,0,2,たべのこし,18.4
1749,ヤトウモリ,757,0,3,こだわりスカーフ,15.8
1750,ヤトウモリ,757,0,4,しんかのきせき,10.5
1751,ヤトウモリ,757,0,5,カムラのみ,5.3
1752,エンニュート,758,0,1,きあいのタスキ,44.7
1753,エンニュート,758,0,2,くろいヘドロ,28.5
1754,エンニュート,758,0,3,たべのこし,7.9
1755,エンニュート,758,0,4,だっしゅつパック,3.9
1756,エンニュート,758,0,5,ふうせん,3.2
1757,エンニュート,758,0,6,いのちのたま,2.2
1758,エンニュート,758,0,7,こだわりスカーフ,1.4
1759,エンニュート,758,0,8,たつじんのおび,1.3
1760,エンニュート,758,0,9,こだわりメガネ,1.1
1761,エンニュート,758,0,10,ものしりメガネ,0.9
1762,アママイコ,762,0,1,しんかのきせき,90.0
1763,アママイコ,762,0,2,きあいのタスキ,10.0
1764,アマージョ,763,0,1,とつげきチョッキ,16.9
1765,アマージョ,763,0,2,いのちのたま,15.3
1766,アマージョ,763,0,3,こだわりスカーフ,11.3
1767,アマージョ,763,0,4,ゴツゴツメット,9.8
1768,アマージョ,763,0,5,こうかくレンズ,8.2
1769,アマージョ,763,0,6,じゃくてんほけん,4.8
1770,アマージョ,763,0,7,きあいのタスキ,4.5
1771,アマージョ,763,0,8,こだわりハチマキ,4.1
1772,アマージョ,763,0,9,オボンのみ,3.8
1773,アマージョ,763,0,10,たべのこし,3.7
1774,ヤレユータン,765,0,1,こだわりメガネ,31.9
1775,ヤレユータン,765,0,2,たべのこし,13.6
1776,ヤレユータン,765,0,3,オボンのみ,8.5
1777,ヤレユータン,765,0,4,メンタルハーブ,8.1
1778,ヤレユータン,765,0,5,とつげきチョッキ,7.8
1779,ヤレユータン,765,0,6,ひかりのねんど,7.5
1780,ヤレユータン,765,0,7,こうこうのしっぽ,6.2
1781,ヤレユータン,765,0,8,ゴツゴツメット,5.9
1782,ヤレユータン,765,0,9,でんきだま,3.6
1783,ヤレユータン,765,0,10,たつじんのおび,1.8
1784,ナゲツケサル,766,0,1,こだわりスカーフ,32.4
1785,ナゲツケサル,766,0,2,とつげきチョッキ,20.1
1786,ナゲツケサル,766,0,3,でんきだま,9.2
1787,ナゲツケサル,766,0,4,きあいのタスキ,6.5
1788,ナゲツケサル,766,0,5,オボンのみ,5.8
1789,ナゲツケサル,766,0,6,たつじんのおび,5.0
1790,ナゲツケサル,766,0,7,いのちのたま,3.3
1791,ナゲツケサル,766,0,8,こだわりハチマキ,2.6
1792,ナゲツケサル,766,0,9,ゴツゴツメット,2.1
1793,ナゲツケサル,766,0,10,カムラのみ,1.6
1794,スナバァ,769,0,1,しんかのきせき,66.7
1795,スナバァ,769,0,2,こだわりスカーフ,33.3
1796,シロデスナ,770,0,1,ゴツゴツメット,18.6
1797,シロデスナ,770,0,2,たべのこし,13.3
1798,シロデスナ,770,0,3,ひかりのこな,10.1
1799,シロデスナ,770,0,4,じゃくてんほけん,7.6
1800,シロデスナ,770,0,5,オボンのみ,7.2
1801,シロデスナ,770,0,6,こうこうのしっぽ,7.1
1802,シロデスナ,770,0,7,とつげきチョッキ,6.8
1803,シロデスナ,770,0,8,おんみつマント,6.5
1804,シロデスナ,770,0,9,こだわりメガネ,3.6
1805,シロデスナ,770,0,10,メンタルハーブ,1.8
1806,ネッコアラ,775,0,1,とつげきチョッキ,28.7
1807,ネッコアラ,775,0,2,からぶりほけん,25.9
1808,ネッコアラ,775,0,3,かえんだま,15.5
1809,ネッコアラ,775,0,4,オボンのみ,5.0
1810,ネッコアラ,775,0,5,いのちのたま,4.5
1811,ネッコアラ,775,0,6,たつじんのおび,3.6
1812,ネッコアラ,775,0,7,せんせいのツメ,2.6
1813,ネッコアラ,775,0,8,どくどくだま,2.0
1814,ネッコアラ,775,0,9,こだわりハチマキ,1.3
1815,ネッコアラ,775,0,10,カムラのみ,1.2
1816,ミミッキュ,778,0,1,いのちのたま,74.1
1817,ミミッキュ,778,0,2,こだわりスカーフ,4.5
1818,ミミッキュ,778,0,3,のろいのおふだ,2.2
1819,ミミッキュ,778,0,4,ひかりのこな,1.9
1820,ミミッキュ,778,0,5,ラムのみ,1.6
1821,ミミッキュ,778,0,6,フィラのみ,1.4
1822,ミミッキュ,778,0,7,レッドカード,1.3
1823,ミミッキュ,778,0,8,カムラのみ,1.1
1824,ミミッキュ,778,0,9,ゴツゴツメット,1.1
1825,ミミッキュ,778,0,10,きあいのタスキ,1.0
1826,ハギギシリ,779,0,1,こだわりスカーフ,36.4
1827,ハギギシリ,779,0,2,きあいのタスキ,27.7
1828,ハギギシリ,779,0,3,いのちのたま,15.8
1829,ハギギシリ,779,0,4,こだわりハチマキ,4.0
1830,ハギギシリ,779,0,5,ひかりのねんど,2.7
1831,ハギギシリ,779,0,6,カムラのみ,1.9
1832,ハギギシリ,779,0,7,まがったスプーン,1.9
1833,ハギギシリ,779,0,8,たつじんのおび,1.8
1834,ハギギシリ,779,0,9,とつげきチョッキ,1.3
1835,ハギギシリ,779,0,10,しんぴのしずく,0.8
1836,ホシガリス,819,0,1,ヤタピのみ,100.0
1837,ヨクバリス,820,0,1,オボンのみ,56.2
1838,ヨクバリス,820,0,2,リュガのみ,29.9
1839,ヨクバリス,820,0,3,フィラのみ,6.9
1840,ヨクバリス,820,0,4,ズアのみ,1.8
1841,ヨクバリス,820,0,5,サンのみ,1.0
1842,ヨクバリス,820,0,6,ウイのみ,0.9
1843,ヨクバリス,820,0,7,チイラのみ,0.9
1844,ヨクバリス,820,0,8,イアのみ,0.7
1845,ヨクバリス,820,0,9,でんきだま,0.4
1846,ヨクバリス,820,0,10,かえんだま,0.2
1847,アーマーガア,823,0,1,ゴツゴツメット,83.3
1848,アーマーガア,823,0,2,ぼうじんゴーグル,6.3
1849,アーマーガア,823,0,3,おんみつマント,3.8
1850,アーマーガア,823,0,4,たべのこし,2.5
1851,アーマーガア,823,0,5,オボンのみ,1.7
1852,アーマーガア,823,0,6,じゃくてんほけん,0.6
1853,アーマーガア,823,0,7,ラムのみ,0.3
1854,アーマーガア,823,0,8,ひかりのねんど,0.3
1855,アーマーガア,823,0,9,こだわりハチマキ,0.2
1856,アーマーガア,823,0,10,メンタルハーブ,0.1
1857,カムカメ,833,0,1,しんかのきせき,71.4
1858,カムカメ,833,0,2,きあいのタスキ,28.6
1859,カジリガメ,834,0,1,いかさまダイス,36.2
1860,カジリガメ,834,0,2,いのちのたま,17.1
1861,カジリガメ,834,0,3,きあいのタスキ,15.9
1862,カジリガメ,834,0,4,しろいハーブ,14.7
1863,カジリガメ,834,0,5,こだわりハチマキ,5.4
1864,カジリガメ,834,0,6,ラムのみ,2.5
1865,カジリガメ,834,0,7,オボンのみ,2.1
1866,カジリガメ,834,0,8,たつじんのおび,1.3
1867,カジリガメ,834,0,9,とつげきチョッキ,0.5
1868,カジリガメ,834,0,10,こだわりスカーフ,0.4
1869,トロッゴン,838,0,1,しんかのきせき,100.0
1870,セキタンザン,839,0,1,たべのこし,18.7
1871,セキタンザン,839,0,2,とつげきチョッキ,17.6
1872,セキタンザン,839,0,3,じゃくてんほけん,12.6
1873,セキタンザン,839,0,4,いかさまダイス,9.9
1874,セキタンザン,839,0,5,ふうせん,7.0
1875,セキタンザン,839,0,6,ゴツゴツメット,5.6
1876,セキタンザン,839,0,7,いのちのたま,5.5
1877,セキタンザン,839,0,8,オボンのみ,4.5
1878,セキタンザン,839,0,9,きゅうこん,2.4
1879,セキタンザン,839,0,10,こだわりメガネ,1.8
1880,アップリュー,841,0,1,いのちのたま,30.1
1881,アップリュー,841,0,2,こだわりスカーフ,15.0
1882,アップリュー,841,0,3,オボンのみ,9.5
1883,アップリュー,841,0,4,こうかくレンズ,8.5
1884,アップリュー,841,0,5,きあいのタスキ,8.3
1885,アップリュー,841,0,6,いかさまダイス,7.3
1886,アップリュー,841,0,7,こだわりハチマキ,5.4
1887,アップリュー,841,0,8,チイラのみ,1.7
1888,アップリュー,841,0,9,イアのみ,1.5
1889,アップリュー,841,0,10,フォーカスレンズ,1.4
1890,タルップル,842,0,1,たべのこし,49.4
1891,タルップル,842,0,2,オボンのみ,23.0
1892,タルップル,842,0,3,ゴツゴツメット,6.4
1893,タルップル,842,0,4,おんみつマント,4.7
1894,タルップル,842,0,5,じゃくてんほけん,2.3
1895,タルップル,842,0,6,ラムのみ,1.7
1896,タルップル,842,0,7,とつげきチョッキ,1.3
1897,タルップル,842,0,8,フィラのみ,1.3
1898,タルップル,842,0,9,ウイのみ,1.2
1899,タルップル,842,0,10,だっしゅつパック,1.2
1900,スナヘビ,843,0,1,さらさらいわ,100.0
1901,サダイジャ,844,0,1,さらさらいわ,42.4
1902,サダイジャ,844,0,2,たべのこし,16.9
1903,サダイジャ,844,0,3,オボンのみ,8.0
1904,サダイジャ,844,0,4,きあいのタスキ,7.8
1905,サダイジャ,844,0,5,ひかりのこな,5.5
1906,サダイジャ,844,0,6,ゴツゴツメット,3.2
1907,サダイジャ,844,0,7,だっしゅつボタン,2.4
1908,サダイジャ,844,0,8,カゴのみ,2.4
1909,サダイジャ,844,0,9,レッドカード,2.1
1910,サダイジャ,844,0,10,メンタルハーブ,2.1
1911,カマスジョー,847,0,1,いのちのたま,37.7
1912,カマスジョー,847,0,2,きあいのタスキ,35.6
1913,カマスジョー,847,0,3,こだわりハチマキ,18.9
1914,カマスジョー,847,0,4,たつじんのおび,3.8
1915,カマスジョー,847,0,5,こだわりスカーフ,1.1
1916,カマスジョー,847,0,6,おうじゃのしるし,0.7
1917,カマスジョー,847,0,7,ちからのハチマキ,0.6
1918,カマスジョー,847,0,8,しんぴのしずく,0.3
1919,カマスジョー,847,0,9,だっしゅつパック,0.3
1920,カマスジョー,847,0,10,するどいツメ,0.2
1921,エレズン,848,0,1,きあいのタスキ,92.0
1922,エレズン,848,0,2,しんかのきせき,8.0
1923,ストリンダー,849,0,1,とつげきチョッキ,50.5
1924,ストリンダー,849,0,2,のどスプレー,16.3
1925,ストリンダー,849,0,3,ふうせん,7.4
1926,ストリンダー,849,0,4,きあいのタスキ,7.0
1927,ストリンダー,849,0,5,こだわりメガネ,5.8
1928,ストリンダー,849,0,6,こだわりスカーフ,4.7
1929,ストリンダー,849,0,7,いのちのたま,2.6
1930,ストリンダー,849,0,8,くろいヘドロ,0.9
1931,ストリンダー,849,0,9,オボンのみ,0.7
1932,ストリンダー,849,0,10,カゴのみ,0.5
1933,ストリンダー,849,1,1,とつげきチョッキ,51.9
1934,ストリンダー,849,1,2,のどスプレー,11.1
1935,ストリンダー,849,1,3,きあいのタスキ,9.6
1936,ストリンダー,849,1,4,ふうせん,8.0
1937,ストリンダー,849,1,5,こだわりメガネ,6.4
1938,ストリンダー,849,1,6,こだわりスカーフ,4.4
1939,ストリンダー,849,1,7,いのちのたま,2.5
1940,ストリンダー,849,1,8,オボンのみ,0.9
1941,ストリンダー,849,1,9,ノーマルジュエル,0.9
1942,ストリンダー,849,1,10,くろいヘドロ,0.8
1943,ヤバチャ,854,0,1,こだわりスカーフ,47.1
1944,ヤバチャ,854,0,2,きあいのタスキ,23.5
1945,ヤバチャ,854,0,3,しろいハーブ,17.6
1946,ヤバチャ,854,0,4,しんかのきせき,11.8
1947,ポットデス,855,0,1,しろいハーブ,53.9
1948,ポットデス,855,0,2,きあいのタスキ,36.3
1949,ポットデス,855,0,3,ラムのみ,1.7
1950,ポットデス,855,0,4,メンタルハーブ,1.6
1951,ポットデス,855,0,5,こだわりスカーフ,1.2
1952,ポットデス,855,0,6,じゃくてんほけん,0.8
1953,ポットデス,855,0,7,サンのみ,0.7
1954,ポットデス,855,0,8,カムラのみ,0.6
1955,ポットデス,855,0,9,おんみつマント,0.5
1956,ポットデス,855,0,10,オボンのみ,0.4
1957,ミブリム,856,0,1,きあいのタスキ,100.0
1958,テブリム,857,0,1,しんかのきせき,99.6
1959,テブリム,857,0,2,きあいのタスキ,0.3
1960,テブリム,857,0,3,メンタルハーブ,0.1
1961,ブリムオン,858,0,1,きあいのタスキ,39.2
1962,ブリムオン,858,0,2,いのちのたま,12.1
1963,ブリムオン,858,0,3,とつげきチョッキ,10.2
1964,ブリムオン,858,0,4,オボンのみ,7.5
1965,ブリムオン,858,0,5,おんみつマント,4.9
1966,ブリムオン,858,0,6,たべのこし,3.9
1967,ブリムオン,858,0,7,じゃくてんほけん,2.2
1968,ブリムオン,858,0,8,リリバのみ,1.7
1969,ブリムオン,858,0,9,ひかりのねんど,1.5
1970,ブリムオン,858,0,10,たつじんのおび,1.5
1971,ベロバー,859,0,1,ひかりのねんど,63.9
1972,ベロバー,859,0,2,きあいのタスキ,30.6
1973,ベロバー,859,0,3,こうこうのしっぽ,5.6
1974,ギモー,860,0,1,しんかのきせき,80.4
1975,ギモー,860,0,2,ひかりのねんど,14.8
1976,ギモー,860,0,3,どくどくだま,3.8
1977,ギモー,860,0,4,きあいのタスキ,1.0
1978,オーロンゲ,861,0,1,ひかりのねんど,68.0
1979,オーロンゲ,861,0,2,こうこうのしっぽ,7.8
1980,オーロンゲ,861,0,3,こだわりハチマキ,5.5
1981,オーロンゲ,861,0,4,きあいのタスキ,2.9
1982,オーロンゲ,861,0,5,いのちのたま,2.3
1983,オーロンゲ,861,0,6,オボンのみ,1.9
1984,オーロンゲ,861,0,7,たべのこし,1.8
1985,オーロンゲ,861,0,8,ゴツゴツメット,1.1
1986,オーロンゲ,861,0,9,レッドカード,0.9
1987,オーロンゲ,861,0,10,こだわりスカーフ,0.8
1988,タイレーツ,870,0,1,ラムのみ,18.4
1989,タイレーツ,870,0,2,オボンのみ,13.6
1990,タイレーツ,870,0,3,きあいのタスキ,11.9
1991,タイレーツ,870,0,4,いのちのたま,10.1
1992,タイレーツ,870,0,5,たべのこし,9.7
1993,タイレーツ,870,0,6,ゴツゴツメット,7.7
1994,タイレーツ,870,0,7,カゴのみ,4.6
1995,タイレーツ,870,0,8,こだわりハチマキ,3.7
1996,タイレーツ,870,0,9,おんみつマント,2.9
1997,タイレーツ,870,0,10,きれいなぬけがら,2.8
1998,バチンウニ,871,0,1,グランドコート,66.1
1999,バチンウニ,871,0,2,きあいのタスキ,6.5
2000,バチンウニ,871,0,3,エレキシード,5.2
2001,バチンウニ,871,0,4,だっしゅつボタン,4.6
2002,バチンウニ,871,0,5,シュカのみ,3.2
2003,バチンウニ,871,0,6,メンタルハーブ,3.1
2004,バチンウニ,871,0,7,ふうせん,1.9
2005,バチンウニ,871,0,8,ゴツゴツメット,1.7
2006,バチンウニ,871,0,9,いのちのたま,1.3
2007,バチンウニ,871,0,10,オボンのみ,1.1
2008,ユキハミ,872,0,1,きあいのタスキ,80.0
2009,ユキハミ,872,0,2,とつげきチョッキ,20.0
2010,モスノウ,873,0,1,たべのこし,50.5
2011,モスノウ,873,0,2,オボンのみ,13.6
2012,モスノウ,873,0,3,あつぞこブーツ,11.8
2013,モスノウ,873,0,4,とつげきチョッキ,5.2
2014,モスノウ,873,0,5,おんみつマント,4.4
2015,モスノウ,873,0,6,ラムのみ,3.3
2016,モスノウ,873,0,7,じゃくてんほけん,1.9
2017,モスノウ,873,0,8,いのちのたま,1.0
2018,モスノウ,873,0,9,きあいのタスキ,1.0
2019,モスノウ,873,0,10,ぼうじんゴーグル,0.6
2020,イシヘンジン,874,0,1,きあいのタスキ,31.5
2021,イシヘンジン,874,0,2,いかさまダイス,14.0
2022,イシヘンジン,874,0,3,じゃくてんほけん,13.9
2023,イシヘンジン,874,0,4,たべのこし,8.3
2024,イシヘンジン,874,0,5,ゴツゴツメット,7.7
2025,イシヘンジン,874,0,6,たつじんのおび,4.0
2026,イシヘンジン,874,0,7,こうかくレンズ,3.4
2027,イシヘンジン,874,0,8,オボンのみ,2.7
2028,イシヘンジン,874,0,9,こだわりハチマキ,2.2
2029,イシヘンジン,874,0,10,フィラのみ,2.2
2030,コオリッポ,875,0,1,オボンのみ,33.3
2031,コオリッポ,875,0,2,ゴツゴツメット,21.3
2032,コオリッポ,875,0,3,ひかりのねんど,7.9
2033,コオリッポ,875,0,4,いのちのたま,7.0
2034,コオリッポ,875,0,5,カムラのみ,6.0
2035,コオリッポ,875,0,6,ラムのみ,5.0
2036,コオリッポ,875,0,7,きあいのタスキ,2.1
2037,コオリッポ,875,0,8,おうじゃのしるし,2.0
2038,コオリッポ,875,0,9,メンタルハーブ,1.5
2039,コオリッポ,875,0,10,つめたいいわ,1.5
2040,イエッサン,876,0,1,グランドコート,29.8
2041,イエッサン,876,0,2,こだわりスカーフ,29.4
2042,イエッサン,876,0,3,きあいのタスキ,15.8
2043,イエッサン,876,0,4,ナモのみ,7.7
2044,イエッサン,876,0,5,サイコシード,5.0
2045,イエッサン,876,0,6,こだわりメガネ,3.5
2046,イエッサン,876,0,7,メンタルハーブ,1.7
2047,イエッサン,876,0,8,いのちのたま,1.4
2048,イエッサン,876,0,9,だっしゅつボタン,0.8
2049,イエッサン,876,0,10,ぼうじんゴーグル,0.7
2050,イエッサン,876,1,1,こだわりスカーフ,30.1
2051,イエッサン,876,1,2,グランドコート,25.3
2052,イエッサン,876,1,3,サイコシード,17.9
2053,イエッサン,876,1,4,きあいのタスキ,6.5
2054,イエッサン,876,1,5,ひかりのねんど,5.1
2055,イエッサン,876,1,6,メンタルハーブ,4.7
2056,イエッサン,876,1,7,ナモのみ,2.0
2057,イエッサン,876,1,8,こだわりメガネ,1.9
2058,イエッサン,876,1,9,ぼうじんゴーグル,1.1
2059,イエッサン,876,1,10,オボンのみ,1.0
2060,ゾウドウ,878,0,1,しんかのきせき,94.4
2061,ゾウドウ,878,0,2,いのちのたま,5.6
2062,ダイオウドウ,879,0,1,いのちのたま,58.0
2063,ダイオウドウ,879,0,2,とつげきチョッキ,24.2
2064,ダイオウドウ,879,0,3,こだわりハチマキ,4.3
2065,ダイオウドウ,879,0,4,ゴツゴツメット,1.8
2066,ダイオウドウ,879,0,5,オボンのみ,1.5
2067,ダイオウドウ,879,0,6,レッドカード,1.2
2068,ダイオウドウ,879,0,7,ふうせん,1.1
2069,ダイオウドウ,879,0,8,せんせいのツメ,1.0
2070,ダイオウドウ,879,0,9,ぼうじんゴーグル,0.9
2071,ダイオウドウ,879,0,10,おんみつマント,0.6
2072,ドラメシヤ,885,0,1,きあいのタスキ,85.7
2073,ドラメシヤ,885,0,2,ぼうじんゴーグル,14.3
2074,ドロンチ,886,0,1,しんかのきせき,86.3
2075,ドロンチ,886,0,2,いのちのたま,7.8
2076,ドロンチ,886,0,3,ひかりのねんど,5.9
2077,ドラパルト,887,0,1,いのちのたま,27.0
2078,ドラパルト,887,0,2,こだわりハチマキ,14.6
2079,ドラパルト,887,0,3,きあいのタスキ,13.1
2080,ドラパルト,887,0,4,ひかりのねんど,12.8
2081,ドラパルト,887,0,5,こだわりメガネ,8.7
2082,ドラパルト,887,0,6,こだわりスカーフ,7.4
2083,ドラパルト,887,0,7,たべのこし,5.2
2084,ドラパルト,887,0,8,だっしゅつパック,2.0
2085,ドラパルト,887,0,9,じゃくてんほけん,1.4
2086,ドラパルト,887,0,10,ラムのみ,1.4
2087,ニャオハ,906,0,1,こだわりスカーフ,46.4
2088,ニャオハ,906,0,2,しんかのきせき,28.6
2089,ニャオハ,906,0,3,きあいのタスキ,17.9
2090,ニャオハ,906,0,4,いのちのたま,3.6
2091,ニャオハ,906,0,5,たべのこし,3.6
2092,ニャローテ,907,0,1,しんかのきせき,93.4
2093,ニャローテ,907,0,2,でんきだま,3.8
2094,ニャローテ,907,0,3,たべのこし,1.6
2095,ニャローテ,907,0,4,ひかりのこな,0.6
2096,ニャローテ,907,0,5,からぶりほけん,0.3
2097,ニャローテ,907,0,6,こだわりスカーフ,0.3
2098,マスカーニャ,908,0,1,きあいのタスキ,38.6
2099,マスカーニャ,908,0,2,こだわりスカーフ,33.1
2100,マスカーニャ,908,0,3,こだわりハチマキ,14.5
2101,マスカーニャ,908,0,4,いのちのたま,4.2
2102,マスカーニャ,908,0,5,でんきだま,2.1
2103,マスカーニャ,908,0,6,チイラのみ,1.2
2104,マスカーニャ,908,0,7,とつげきチョッキ,1.1
2105,マスカーニャ,908,0,8,ちからのハチマキ,0.7
2106,マスカーニャ,908,0,9,たつじんのおび,0.7
2107,マスカーニャ,908,0,10,こだわりメガネ,0.6
2108,ホゲータ,909,0,1,しんかのきせき,80.2
2109,ホゲータ,909,0,2,きあいのタスキ,15.6
2110,ホゲータ,909,0,3,ねばりのかぎづめ,3.1
2111,ホゲータ,909,0,4,かわらずのいし,1.0
2112,アチゲータ,910,0,1,しんかのきせき,100.0
2113,アチゲータ,910,0,2,オボンのみ,0.0
2114,ラウドボーン,911,0,1,たべのこし,46.1
2115,ラウドボーン,911,0,2,おんみつマント,11.6
2116,ラウドボーン,911,0,3,オボンのみ,10.4
2117,ラウドボーン,911,0,4,からぶりほけん,9.6
2118,ラウドボーン,911,0,5,とつげきチョッキ,4.9
2119,ラウドボーン,911,0,6,ゴツゴツメット,4.9
2120,ラウドボーン,911,0,7,ぼうじんゴーグル,3.2
2121,ラウドボーン,911,0,8,のどスプレー,1.9
2122,ラウドボーン,911,0,9,ふうせん,1.2
2123,ラウドボーン,911,0,10,あつぞこブーツ,1.1
2124,ウェルカモ,913,0,1,しんかのきせき,87.5
2125,ウェルカモ,913,0,2,きあいのタスキ,12.5
2126,ウェーニバル,914,0,1,きあいのタスキ,27.5
2127,ウェーニバル,914,0,2,ラムのみ,14.2
2128,ウェーニバル,914,0,3,ゴツゴツメット,11.4
2129,ウェーニバル,914,0,4,いのちのたま,11.4
2130,ウェーニバル,914,0,5,とつげきチョッキ,7.7
2131,ウェーニバル,914,0,6,しんぴのしずく,5.6
2132,ウェーニバル,914,0,7,たべのこし,3.4
2133,ウェーニバル,914,0,8,オボンのみ,3.4
2134,ウェーニバル,914,0,9,こだわりハチマキ,2.5
2135,ウェーニバル,914,0,10,こだわりスカーフ,2.0
2136,グルトン,915,0,1,きあいのタスキ,45.9
2137,グルトン,915,0,2,しんかのきせき,35.1
2138,グルトン,915,0,3,せんせいのツメ,10.8
2139,グルトン,915,0,4,オボンのみ,4.1
2140,グルトン,915,0,5,ちからのハチマキ,4.1
2141,パフュートン,916,0,1,とつげきチョッキ,37.5
2142,パフュートン,916,0,2,カムラのみ,11.5
2143,パフュートン,916,0,3,たつじんのおび,8.7
2144,パフュートン,916,0,4,リュガのみ,6.4
2145,パフュートン,916,0,5,いのちのたま,6.2
2146,パフュートン,916,0,6,だっしゅつボタン,4.6
2147,パフュートン,916,0,7,チイラのみ,3.2
2148,パフュートン,916,0,8,オボンのみ,3.1
2149,パフュートン,916,0,9,こだわりハチマキ,2.8
2150,パフュートン,916,0,10,たべのこし,2.8
2151,パフュートン,916,1,1,とつげきチョッキ,38.8
2152,パフュートン,916,1,2,カムラのみ,12.3
2153,パフュートン,916,1,3,たべのこし,8.4
2154,パフュートン,916,1,4,リュガのみ,8.2
2155,パフュートン,916,1,5,オボンのみ,4.9
2156,パフュートン,916,1,6,カゴのみ,4.3
2157,パフュートン,916,1,7,ズアのみ,3.6
2158,パフュートン,916,1,8,フィラのみ,3.5
2159,パフュートン,916,1,9,きあいのタスキ,3.3
2160,パフュートン,916,1,10,ウイのみ,2.6
2161,タマンチュラ,917,0,1,きあいのタスキ,88.7
2162,タマンチュラ,917,0,2,しんかのきせき,11.3
2163,ワナイダー,918,0,1,メンタルハーブ,29.2
2164,ワナイダー,918,0,2,きあいのタスキ,19.8
2165,ワナイダー,918,0,3,でんきだま,14.8
2166,ワナイダー,918,0,4,オボンのみ,12.5
2167,ワナイダー,918,0,5,レッドカード,8.3
2168,ワナイダー,918,0,6,ゴツゴツメット,3.6
2169,ワナイダー,918,0,7,たべのこし,1.8
2170,ワナイダー,918,0,8,とつげきチョッキ,1.7
2171,ワナイダー,918,0,9,オッカのみ,1.0
2172,ワナイダー,918,0,10,かえんだま,1.0
2173,マメバッタ,919,0,1,きあいのタスキ,100.0
2174,エクスレッグ,920,0,1,いのちのたま,61.2
2175,エクスレッグ,920,0,2,こだわりハチマキ,15.5
2176,エクスレッグ,920,0,3,きあいのタスキ,13.0
2177,エクスレッグ,920,0,4,ぎんのこな,4.5
2178,エクスレッグ,920,0,5,こだわりスカーフ,1.2
2179,エクスレッグ,920,0,6,くろいメガネ,0.8
2180,エクスレッグ,920,0,7,ちからのハチマキ,0.8
2181,エクスレッグ,920,0,8,とつげきチョッキ,0.5
2182,エクスレッグ,920,0,9,だっしゅつボタン,0.4
2183,エクスレッグ,920,0,10,あつぞこブーツ,0.3
2184,パモ,921,0,1,きあいのタスキ,100.0
2185,パモット,922,0,1,ものまねハーブ,34.5
2186,パモット,922,0,2,しんかのきせき,31.0
2187,パモット,922,0,3,きあいのタスキ,17.2
2188,パモット,922,0,4,パンチグローブ,10.3
2189,パモット,922,0,5,たべのこし,3.4
2190,パモット,922,0,6,だっしゅつボタン,3.4
2191,パーモット,923,0,1,きあいのタスキ,70.0
2192,パーモット,923,0,2,いのちのたま,9.8
2193,パーモット,923,0,3,パンチグローブ,6.4
2194,パーモット,923,0,4,こだわりハチマキ,2.8
2195,パーモット,923,0,5,こだわりスカーフ,2.7
2196,パーモット,923,0,6,ヒメリのみ,1.4
2197,パーモット,923,0,7,ふうせん,1.2
2198,パーモット,923,0,8,ちからのハチマキ,0.7
2199,パーモット,923,0,9,たつじんのおび,0.6
2200,パーモット,923,0,10,ものまねハーブ,0.4
2201,ワッカネズミ,924,0,1,しんかのきせき,50.0
2202,ワッカネズミ,924,0,2,こだわりスカーフ,44.1
2203,ワッカネズミ,924,0,3,こうかくレンズ,5.9
2204,イッカネズミ,925,0,1,こうかくレンズ,73.2
2205,イッカネズミ,925,0,2,おうじゃのしるし,5.0
2206,イッカネズミ,925,0,3,オボンのみ,4.9
2207,イッカネズミ,925,0,4,いかさまダイス,3.3
2208,イッカネズミ,925,0,5,ぼうごパット,2.8
2209,イッカネズミ,925,0,6,こだわりスカーフ,2.0
2210,イッカネズミ,925,0,7,きあいのタスキ,1.7
2211,イッカネズミ,925,0,8,こだわりハチマキ,1.2
2212,イッカネズミ,925,0,9,チイラのみ,1.1
2213,イッカネズミ,925,0,10,フィラのみ,1.1
2214,パピモッチ,926,0,1,しんかのきせき,100.0
2215,バウッツェル,927,0,1,ゴツゴツメット,20.5
2216,バウッツェル,927,0,2,たべのこし,20.4
2217,バウッツェル,927,0,3,サンのみ,16.0
2218,バウッツェル,927,0,4,オボンのみ,10.2
2219,バウッツェル,927,0,5,ものまねハーブ,8.4
2220,バウッツェル,927,0,6,とつげきチョッキ,4.5
2221,バウッツェル,927,0,7,おんみつマント,3.2
2222,バウッツェル,927,0,8,ぼうじんゴーグル,2.5
2223,バウッツェル,927,0,9,じゃくてんほけん,1.5
2224,バウッツェル,927,0,10,メンタルハーブ,1.0
2225,ミニーブ,928,0,1,しんかのきせき,100.0
2226,オリーニョ,929,0,1,しんかのきせき,100.0
2227,オリーヴァ,930,0,1,オボンのみ,36.1
2228,オリーヴァ,930,0,2,たべのこし,14.7
2229,オリーヴァ,930,0,3,グラスシード,9.8
2230,オリーヴァ,930,0,4,ゴツゴツメット,6.8
2231,オリーヴァ,930,0,5,おんみつマント,5.4
2232,オリーヴァ,930,0,6,とつげきチョッキ,5.4
2233,オリーヴァ,930,0,7,いのちのたま,4.2
2234,オリーヴァ,930,0,8,こだわりメガネ,3.7
2235,オリーヴァ,930,0,9,おおきなねっこ,2.5
2236,オリーヴァ,930,0,10,きあいのタスキ,1.7
2237,イキリンコ,931,0,1,こだわりスカーフ,67.8
2238,イキリンコ,931,0,2,かえんだま,14.1
2239,イキリンコ,931,0,3,きあいのタスキ,7.8
2240,イキリンコ,931,0,4,どくどくだま,3.1
2241,イキリンコ,931,0,5,こだわりハチマキ,2.1
2242,イキリンコ,931,0,6,こうかくレンズ,1.6
2243,イキリンコ,931,0,7,オボンのみ,1.6
2244,イキリンコ,931,0,8,いのちのたま,0.4
2245,イキリンコ,931,0,9,チイラのみ,0.3
2246,イキリンコ,931,0,10,きあいのハチマキ,0.3
2247,イキリンコ,931,1,1,こだわりスカーフ,70.0
2248,イキリンコ,931,1,2,かえんだま,13.6
2249,イキリンコ,931,1,3,たべのこし,8.4
2250,イキリンコ,931,1,4,ゴツゴツメット,3.2
2251,イキリンコ,931,1,5,ヤチェのみ,1.7
2252,イキリンコ,931,1,6,きあいのタスキ,1.2
2253,イキリンコ,931,1,7,こだわりハチマキ,1.0
2254,イキリンコ,931,1,8,ものまねハーブ,0.5
2255,イキリンコ,931,1,9,ひかりのこな,0.2
2256,イキリンコ,931,2,1,こだわりスカーフ,70.9
2257,イキリンコ,931,2,2,きあいのタスキ,17.3
2258,イキリンコ,931,2,3,オボンのみ,3.8
2259,イキリンコ,931,2,4,ものまねハーブ,2.6
2260,イキリンコ,931,2,5,いのちのたま,1.9
2261,イキリンコ,931,2,6,ひかりのこな,1.2
2262,イキリンコ,931,2,7,メンタルハーブ,1.2
2263,イキリンコ,931,2,8,かえんだま,0.7
2264,イキリンコ,931,2,9,カムラのみ,0.2
2265,イキリンコ,931,3,1,こだわりスカーフ,87.6
2266,イキリンコ,931,3,2,きあいのタスキ,5.2
2267,イキリンコ,931,3,3,こだわりハチマキ,3.3
2268,イキリンコ,931,3,4,いのちのたま,2.2
2269,イキリンコ,931,3,5,メンタルハーブ,0.6
2270,イキリンコ,931,3,6,するどいくちばし,0.6
2271,イキリンコ,931,3,7,かいがらのすず,0.3
2272,イキリンコ,931,3,8,オボンのみ,0.3
2273,コジオ,932,0,1,くろいヘドロ,41.0
2274,コジオ,932,0,2,さらさらいわ,33.3
2275,コジオ,932,0,3,メンタルハーブ,10.3
2276,コジオ,932,0,4,カムラのみ,7.7
2277,コジオ,932,0,5,しんかのきせき,2.6
2278,コジオ,932,0,6,ひかりのこな,2.6
2279,コジオ,932,0,7,かるいし,2.6
2280,ジオヅム,933,0,1,しんかのきせき,99.8
2281,ジオヅム,933,0,2,オボンのみ,0.2
2282,キョジオーン,934,0,1,たべのこし,80.8
2283,キョジオーン,934,0,2,ゴツゴツメット,4.7
2284,キョジオーン,934,0,3,オボンのみ,4.6
2285,キョジオーン,934,0,4,おんみつマント,2.9
2286,キョジオーン,934,0,5,かえんだま,0.9
2287,キョジオーン,934,0,6,レッドカード,0.8
2288,キョジオーン,934,0,7,どくどくだま,0.7
2289,キョジオーン,934,0,8,ひかりのこな,0.7
2290,キョジオーン,934,0,9,とつげきチョッキ,0.5
2291,キョジオーン,934,0,10,いかさまダイス,0.4
2292,グレンアルマ,936,0,1,きあいのタスキ,61.2
2293,グレンアルマ,936,0,2,とつげきチョッキ,10.2
2294,グレンアルマ,936,0,3,じゃくてんほけん,8.9
2295,グレンアルマ,936,0,4,こだわりメガネ,4.3
2296,グレンアルマ,936,0,5,いのちのたま,2.7
2297,グレンアルマ,936,0,6,こだわりスカーフ,2.1
2298,グレンアルマ,936,0,7,たべのこし,1.2
2299,グレンアルマ,936,0,8,たつじんのおび,1.1
2300,グレンアルマ,936,0,9,ラムのみ,1.0
2301,グレンアルマ,936,0,10,オボンのみ,0.8
2302,ソウブレイズ,937,0,1,きあいのタスキ,47.7
2303,ソウブレイズ,937,0,2,たべのこし,11.1
2304,ソウブレイズ,937,0,3,とつげきチョッキ,9.2
2305,ソウブレイズ,937,0,4,ラムのみ,5.6
2306,ソウブレイズ,937,0,5,オボンのみ,5.0
2307,ソウブレイズ,937,0,6,いのちのたま,5.0
2308,ソウブレイズ,937,0,7,じゃくてんほけん,4.3
2309,ソウブレイズ,937,0,8,ふうせん,1.6
2310,ソウブレイズ,937,0,9,おんみつマント,1.1
2311,ソウブレイズ,937,0,10,おおきなねっこ,1.0
2312,ズピカ,938,0,1,きあいのタスキ,75.0
2313,ズピカ,938,0,2,しんかのきせき,25.0
2314,ハラバリー,939,0,1,とつげきチョッキ,82.0
2315,ハラバリー,939,0,2,オボンのみ,3.6
2316,ハラバリー,939,0,3,じしゃく,3.3
2317,ハラバリー,939,0,4,たべのこし,2.4
2318,ハラバリー,939,0,5,こだわりメガネ,1.3
2319,ハラバリー,939,0,6,メトロノーム,1.1
2320,ハラバリー,939,0,7,ゴツゴツメット,1.1
2321,ハラバリー,939,0,8,ふうせん,0.9
2322,ハラバリー,939,0,9,おんみつマント,0.6
2323,ハラバリー,939,0,10,おおきなねっこ,0.6
2324,カイデン,940,0,1,きあいのタスキ,97.9
2325,カイデン,940,0,2,しんかのきせき,2.1
2326,タイカイデン,941,0,1,きあいのタスキ,41.6
2327,タイカイデン,941,0,2,こだわりメガネ,24.1
2328,タイカイデン,941,0,3,こだわりスカーフ,9.5
2329,タイカイデン,941,0,4,いのちのたま,8.1
2330,タイカイデン,941,0,5,ゴツゴツメット,2.1
2331,タイカイデン,941,0,6,とつげきチョッキ,1.7
2332,タイカイデン,941,0,7,こうかくレンズ,1.5
2333,タイカイデン,941,0,8,たつじんのおび,1.2
2334,タイカイデン,941,0,9,ぼうじんゴーグル,1.1
2335,タイカイデン,941,0,10,じしゃく,1.1
2336,オラチフ,942,0,1,きあいのタスキ,79.3
2337,オラチフ,942,0,2,しんかのきせき,20.7
2338,マフィティフ,943,0,1,きあいのタスキ,34.0
2339,マフィティフ,943,0,2,ロゼルのみ,14.9
2340,マフィティフ,943,0,3,レッドカード,12.0
2341,マフィティフ,943,0,4,とつげきチョッキ,4.8
2342,マフィティフ,943,0,5,オボンのみ,3.6
2343,マフィティフ,943,0,6,カムラのみ,3.3
2344,マフィティフ,943,0,7,カゴのみ,3.1
2345,マフィティフ,943,0,8,ラムのみ,2.9
2346,マフィティフ,943,0,9,ぼうじんゴーグル,2.8
2347,マフィティフ,943,0,10,たべのこし,2.5
2348,シルシュルー,944,0,1,こうこうのしっぽ,90.5
2349,シルシュルー,944,0,2,たべのこし,4.8
2350,シルシュルー,944,0,3,しんかのきせき,4.8
2351,タギングル,945,0,1,くろいヘドロ,30.2
2352,タギングル,945,0,2,こうこうのしっぽ,21.0
2353,タギングル,945,0,3,たべのこし,13.3
2354,タギングル,945,0,4,きあいのタスキ,7.0
2355,タギングル,945,0,5,ものまねハーブ,5.8
2356,タギングル,945,0,6,ふうせん,4.4
2357,タギングル,945,0,7,こだわりスカーフ,3.0
2358,タギングル,945,0,8,こだわりハチマキ,2.1
2359,タギングル,945,0,9,オボンのみ,2.1
2360,タギングル,945,0,10,メンタルハーブ,1.3
2361,アノクサ,946,0,1,いのちのたま,100.0
2362,アノホラグサ,947,0,1,いのちのたま,39.0
2363,アノホラグサ,947,0,2,きあいのタスキ,10.0
2364,アノホラグサ,947,0,3,たべのこし,7.7
2365,アノホラグサ,947,0,4,しめつけバンド,5.5
2366,アノホラグサ,947,0,5,おんみつマント,4.4
2367,アノホラグサ,947,0,6,いかさまダイス,3.8
2368,アノホラグサ,947,0,7,おおきなねっこ,3.2
2369,アノホラグサ,947,0,8,きあいのハチマキ,2.5
2370,アノホラグサ,947,0,9,パワフルハーブ,2.0
2371,アノホラグサ,947,0,10,ゴツゴツメット,1.9
2372,ノノクラゲ,948,0,1,しんかのきせき,76.0
2373,ノノクラゲ,948,0,2,きあいのタスキ,17.6
2374,ノノクラゲ,948,0,3,おおきなねっこ,4.0
2375,ノノクラゲ,948,0,4,たべのこし,1.6
2376,ノノクラゲ,948,0,5,とつげきチョッキ,0.8
2377,リククラゲ,949,0,1,たべのこし,31.3
2378,リククラゲ,949,0,2,きあいのタスキ,14.1
2379,リククラゲ,949,0,3,たつじんのおび,10.4
2380,リククラゲ,949,0,4,オボンのみ,9.4
2381,リククラゲ,949,0,5,おおきなねっこ,7.3
2382,リククラゲ,949,0,6,おんみつマント,5.4
2383,リククラゲ,949,0,7,メンタルハーブ,4.1
2384,リククラゲ,949,0,8,いのちのたま,4.0
2385,リククラゲ,949,0,9,とつげきチョッキ,2.6
2386,リククラゲ,949,0,10,レッドカード,2.2
2387,ガケガニ,950,0,1,きあいのタスキ,66.8
2388,ガケガニ,950,0,2,いかさまダイス,12.1
2389,ガケガニ,950,0,3,じゃくてんほけん,11.4
2390,ガケガニ,950,0,4,レッドカード,2.4
2391,ガケガニ,950,0,5,とつげきチョッキ,1.5
2392,ガケガニ,950,0,6,カムラのみ,0.9
2393,ガケガニ,950,0,7,たべのこし,0.7
2394,ガケガニ,950,0,8,オボンのみ,0.7
2395,ガケガニ,950,0,9,チイラのみ,0.6
2396,ガケガニ,950,0,10,ゴツゴツメット,0.5
2397,スコヴィラン,952,0,1,たべのこし,50.5
2398,スコヴィラン,952,0,2,いのちのたま,19.8
2399,スコヴィラン,952,0,3,こだわりメガネ,12.2
2400,スコヴィラン,952,0,4,きあいのタスキ,4.7
2401,スコヴィラン,952,0,5,おおきなねっこ,2.0
2402,スコヴィラン,952,0,6,ひかりのこな,2.0
2403,スコヴィラン,952,0,7,しろいハーブ,1.2
2404,スコヴィラン,952,0,8,ものしりメガネ,1.0
2405,スコヴィラン,952,0,9,メトロノーム,0.9
2406,スコヴィラン,952,0,10,もくたん,0.8
2407,シガロコ,953,0,1,きあいのタスキ,44.4
2408,シガロコ,953,0,2,しんかのきせき,33.3
2409,シガロコ,953,0,3,でかいきんのたま,22.2
2410,ベラカス,954,0,1,きあいのタスキ,40.6
2411,ベラカス,954,0,2,メンタルハーブ,9.2
2412,ベラカス,954,0,3,ヒメリのみ,9.0
2413,ベラカス,954,0,4,オボンのみ,6.9
2414,ベラカス,954,0,5,じゃくてんほけん,4.2
2415,ベラカス,954,0,6,こだわりスカーフ,3.4
2416,ベラカス,954,0,7,ひかりのねんど,3.2
2417,ベラカス,954,0,8,こだわりメガネ,3.2
2418,ベラカス,954,0,9,ぼうじんゴーグル,2.9
2419,ベラカス,954,0,10,たべのこし,2.4
2420,ヒラヒナ,955,0,1,きあいのタスキ,88.9
2421,ヒラヒナ,955,0,2,レッドカード,11.1
2422,クエスパトラ,956,0,1,きあいのタスキ,47.5
2423,クエスパトラ,956,0,2,オボンのみ,15.6
2424,クエスパトラ,956,0,3,たべのこし,15.1
2425,クエスパトラ,956,0,4,ラムのみ,3.9
2426,クエスパトラ,956,0,5,ひかりのねんど,3.8
2427,クエスパトラ,956,0,6,メンタルハーブ,1.9
2428,クエスパトラ,956,0,7,じゃくてんほけん,1.9
2429,クエスパトラ,956,0,8,おんみつマント,1.4
2430,クエスパトラ,956,0,9,ナモのみ,1.4
2431,クエスパトラ,956,0,10,ものまねハーブ,1.3
2432,カヌチャン,957,0,1,きあいのタスキ,50.0
2433,カヌチャン,957,0,2,ふうせん,50.0
2434,ナカヌチャン,958,0,1,しんかのきせき,97.5
2435,ナカヌチャン,958,0,2,きあいのタスキ,2.5
2436,デカヌチャン,959,0,1,ふうせん,55.3
2437,デカヌチャン,959,0,2,ラムのみ,7.8
2438,デカヌチャン,959,0,3,きあいのタスキ,6.5
2439,デカヌチャン,959,0,4,とつげきチョッキ,4.5
2440,デカヌチャン,959,0,5,オボンのみ,4.1
2441,デカヌチャン,959,0,6,いのちのたま,3.7
2442,デカヌチャン,959,0,7,メンタルハーブ,2.2
2443,デカヌチャン,959,0,8,たべのこし,1.8
2444,デカヌチャン,959,0,9,レッドカード,1.7
2445,デカヌチャン,959,0,10,ゴツゴツメット,1.5
2446,ウミディグダ,960,0,1,きあいのタスキ,86.2
2447,ウミディグダ,960,0,2,だっしゅつボタン,10.3
2448,ウミディグダ,960,0,3,こだわりメガネ,3.4
2449,ウミトリオ,961,0,1,きあいのタスキ,57.4
2450,ウミトリオ,961,0,2,こだわりハチマキ,15.6
2451,ウミトリオ,961,0,3,こだわりスカーフ,5.2
2452,ウミトリオ,961,0,4,いのちのたま,4.7
2453,ウミトリオ,961,0,5,ラムのみ,4.3
2454,ウミトリオ,961,0,6,しめったいわ,2.8
2455,ウミトリオ,961,0,7,ひかりのこな,2.3
2456,ウミトリオ,961,0,8,おうじゃのしるし,1.2
2457,ウミトリオ,961,0,9,どくどくだま,1.0
2458,ウミトリオ,961,0,10,ピントレンズ,1.0
2459,オトシドリ,962,0,1,きあいのタスキ,40.2
2460,オトシドリ,962,0,2,こだわりスカーフ,29.2
2461,オトシドリ,962,0,3,いかさまダイス,8.1
2462,オトシドリ,962,0,4,オボンのみ,2.8
2463,オトシドリ,962,0,5,レッドカード,2.0
2464,オトシドリ,962,0,6,メンタルハーブ,1.4
2465,オトシドリ,962,0,7,いのちのたま,1.4
2466,オトシドリ,962,0,8,ゴツゴツメット,1.4
2467,オトシドリ,962,0,9,たつじんのおび,1.3
2468,オトシドリ,962,0,10,かたいいし,1.1
2469,ナミイルカ,963,0,1,きあいのタスキ,56.5
2470,ナミイルカ,963,0,2,しんかのきせき,21.7
2471,ナミイルカ,963,0,3,だっしゅつボタン,13.0
2472,ナミイルカ,963,0,4,こだわりハチマキ,4.3
2473,ナミイルカ,963,0,5,いのちのたま,4.3
2474,イルカマン,964,0,1,こだわりハチマキ,61.6
2475,イルカマン,964,0,2,パンチグローブ,10.2
2476,イルカマン,964,0,3,こだわりスカーフ,5.3
2477,イルカマン,964,0,4,とつげきチョッキ,4.1
2478,イルカマン,964,0,5,しんぴのしずく,3.8
2479,イルカマン,964,0,6,いのちのたま,3.4
2480,イルカマン,964,0,7,だっしゅつパック,3.3
2481,イルカマン,964,0,8,たべのこし,2.8
2482,イルカマン,964,0,9,オボンのみ,1.2
2483,イルカマン,964,0,10,ラムのみ,0.8
2484,ブロロン,965,0,1,しんかのきせき,79.4
2485,ブロロン,965,0,2,ものまねハーブ,5.9
2486,ブロロン,965,0,3,かわらずのいし,5.9
2487,ブロロン,965,0,4,きあいのタスキ,2.9
2488,ブロロン,965,0,5,こだわりハチマキ,2.9
2489,ブロロン,965,0,6,きあいのハチマキ,2.9
2490,ブロロローム,966,0,1,ふうせん,46.2
2491,ブロロローム,966,0,2,じゃくてんほけん,10.9
2492,ブロロローム,966,0,3,くろいヘドロ,7.2
2493,ブロロローム,966,0,4,ゴツゴツメット,6.1
2494,ブロロローム,966,0,5,いのちのたま,4.1
2495,ブロロローム,966,0,6,たべのこし,4.1
2496,ブロロローム,966,0,7,オボンのみ,3.4
2497,ブロロローム,966,0,8,ラムのみ,2.9
2498,ブロロローム,966,0,9,きあいのタスキ,2.3
2499,ブロロローム,966,0,10,おんみつマント,2.1
2500,モトトカゲ,967,0,1,こだわりスカーフ,71.0
2501,モトトカゲ,967,0,2,オボンのみ,9.7
2502,モトトカゲ,967,0,3,こだわりハチマキ,5.3
2503,モトトカゲ,967,0,4,いのちのたま,3.3
2504,モトトカゲ,967,0,5,こだわりメガネ,1.9
2505,モトトカゲ,967,0,6,きあいのタスキ,1.2
2506,モトトカゲ,967,0,7,あついいわ,0.7
2507,モトトカゲ,967,0,8,あつぞこブーツ,0.6
2508,モトトカゲ,967,0,9,ヤチェのみ,0.6
2509,モトトカゲ,967,0,10,たべのこし,0.6
2510,ミミズズ,968,0,1,オボンのみ,66.1
2511,ミミズズ,968,0,2,ゴツゴツメット,12.8
2512,ミミズズ,968,0,3,たべのこし,8.7
2513,ミミズズ,968,0,4,きあいのタスキ,2.8
2514,ミミズズ,968,0,5,カゴのみ,1.5
2515,ミミズズ,968,0,6,おんみつマント,1.4
2516,ミミズズ,968,0,7,メンタルハーブ,1.3
2517,ミミズズ,968,0,8,こだわりスカーフ,1.2
2518,ミミズズ,968,0,9,フィラのみ,0.6
2519,ミミズズ,968,0,10,オッカのみ,0.5
2520,キラーメ,969,0,1,きあいのタスキ,82.3
2521,キラーメ,969,0,2,しんかのきせき,11.3
2522,キラーメ,969,0,3,こだわりスカーフ,3.2
2523,キラーメ,969,0,4,レッドカード,3.2
2524,キラフロル,970,0,1,きあいのタスキ,51.1
2525,キラフロル,970,0,2,ふうせん,14.5
2526,キラフロル,970,0,3,とつげきチョッキ,7.7
2527,キラフロル,970,0,4,レッドカード,6.7
2528,キラフロル,970,0,5,こだわりスカーフ,5.1
2529,キラフロル,970,0,6,こだわりメガネ,3.3
2530,キラフロル,970,0,7,くろいヘドロ,2.6
2531,キラフロル,970,0,8,ゴツゴツメット,1.9
2532,キラフロル,970,0,9,いのちのたま,1.1
2533,キラフロル,970,0,10,オボンのみ,1.1
2534,ボチ,971,0,1,しんかのきせき,70.6
2535,ボチ,971,0,2,きあいのタスキ,17.6
2536,ボチ,971,0,3,こだわりスカーフ,11.8
2537,ハカドッグ,972,0,1,いのちのたま,51.0
2538,ハカドッグ,972,0,2,たべのこし,8.7
2539,ハカドッグ,972,0,3,とつげきチョッキ,8.0
2540,ハカドッグ,972,0,4,のろいのおふだ,7.1
2541,ハカドッグ,972,0,5,こだわりハチマキ,5.4
2542,ハカドッグ,972,0,6,ゴツゴツメット,5.3
2543,ハカドッグ,972,0,7,こだわりスカーフ,2.8
2544,ハカドッグ,972,0,8,オボンのみ,2.5
2545,ハカドッグ,972,0,9,じゃくてんほけん,1.3
2546,ハカドッグ,972,0,10,きあいのタスキ,1.1
2547,カラミンゴ,973,0,1,こだわりスカーフ,67.7
2548,カラミンゴ,973,0,2,きあいのタスキ,12.2
2549,カラミンゴ,973,0,3,いのちのたま,5.2
2550,カラミンゴ,973,0,4,こだわりハチマキ,3.9
2551,カラミンゴ,973,0,5,おんみつマント,3.5
2552,カラミンゴ,973,0,6,パワフルハーブ,1.4
2553,カラミンゴ,973,0,7,ラムのみ,1.2
2554,カラミンゴ,973,0,8,とつげきチョッキ,1.1
2555,カラミンゴ,973,0,9,たつじんのおび,0.9
2556,カラミンゴ,973,0,10,カムラのみ,0.5
2557,アルクジラ,974,0,1,しんかのきせき,62.1
2558,アルクジラ,974,0,2,いのちのたま,20.7
2559,アルクジラ,974,0,3,きあいのタスキ,6.9
2560,アルクジラ,974,0,4,オボンのみ,6.9
2561,アルクジラ,974,0,5,こだわりハチマキ,3.4
2562,ハルクジラ,975,0,1,いのちのたま,39.2
2563,ハルクジラ,975,0,2,オボンのみ,22.9
2564,ハルクジラ,975,0,3,とつげきチョッキ,22.5
2565,ハルクジラ,975,0,4,じゃくてんほけん,5.7
2566,ハルクジラ,975,0,5,たべのこし,3.4
2567,ハルクジラ,975,0,6,ラムのみ,2.1
2568,ハルクジラ,975,0,7,ゴツゴツメット,0.6
2569,ハルクジラ,975,0,8,こだわりハチマキ,0.6
2570,ハルクジラ,975,0,9,こだわりスカーフ,0.5
2571,ハルクジラ,975,0,10,とけないこおり,0.4
2572,ミガルーサ,976,0,1,オボンのみ,68.8
2573,ミガルーサ,976,0,2,ヤタピのみ,6.9
2574,ミガルーサ,976,0,3,ラムのみ,3.8
2575,ミガルーサ,976,0,4,いのちのたま,3.3
2576,ミガルーサ,976,0,5,こだわりスカーフ,2.5
2577,ミガルーサ,976,0,6,たべのこし,1.8
2578,ミガルーサ,976,0,7,ピントレンズ,1.2
2579,ミガルーサ,976,0,8,サイコシード,1.1
2580,ミガルーサ,976,0,9,きあいのタスキ,0.9
2581,ミガルーサ,976,0,10,カムラのみ,0.8
2582,ヘイラッシャ,977,0,1,たべのこし,60.2
2583,ヘイラッシャ,977,0,2,ゴツゴツメット,17.1
2584,ヘイラッシャ,977,0,3,オボンのみ,8.6
2585,ヘイラッシャ,977,0,4,とつげきチョッキ,5.4
2586,ヘイラッシャ,977,0,5,カゴのみ,2.9
2587,ヘイラッシャ,977,0,6,こだわりハチマキ,2.2
2588,ヘイラッシャ,977,0,7,おんみつマント,2.0
2589,ヘイラッシャ,977,0,8,ラムのみ,0.5
2590,ヘイラッシャ,977,0,9,フィラのみ,0.1
2591,ヘイラッシャ,977,0,10,いのちのたま,0.1
2592,シャリタツ,978,0,1,きあいのタスキ,39.7
2593,シャリタツ,978,0,2,とつげきチョッキ,27.1
2594,シャリタツ,978,0,3,こだわりスカーフ,13.1
2595,シャリタツ,978,0,4,いのちのたま,5.3
2596,シャリタツ,978,0,5,こだわりメガネ,3.0
2597,シャリタツ,978,0,6,ものしりメガネ,1.5
2598,シャリタツ,978,0,7,おんみつマント,1.3
2599,シャリタツ,978,0,8,だっしゅつパック,1.0
2600,シャリタツ,978,0,9,しろいハーブ,0.9
2601,シャリタツ,978,0,10,オボンのみ,0.7
2602,コノヨザル,979,0,1,たべのこし,32.2
2603,コノヨザル,979,0,2,オボンのみ,21.1
2604,コノヨザル,979,0,3,こだわりスカーフ,12.1
2605,コノヨザル,979,0,4,でんきだま,9.2
2606,コノヨザル,979,0,5,パンチグローブ,6.6
2607,コノヨザル,979,0,6,とつげきチョッキ,4.9
2608,コノヨザル,979,0,7,おんみつマント,3.5
2609,コノヨザル,979,0,8,きあいのタスキ,2.3
2610,コノヨザル,979,0,9,ラムのみ,1.1
2611,コノヨザル,979,0,10,ゴツゴツメット,1.0
2612,ドオー,980,0,1,くろいヘドロ,70.8
2613,ドオー,980,0,2,たべのこし,11.8
2614,ドオー,980,0,3,おんみつマント,6.8
2615,ドオー,980,0,4,オボンのみ,3.1
2616,ドオー,980,0,5,メンタルハーブ,1.9
2617,ドオー,980,0,6,こだわりハチマキ,1.6
2618,ドオー,980,0,7,ゴツゴツメット,1.2
2619,ドオー,980,0,8,ふうせん,0.4
2620,ドオー,980,0,9,とつげきチョッキ,0.4
2621,ドオー,980,0,10,レッドカード,0.2
2622,リキキリン,981,0,1,オボンのみ,15.8
2623,リキキリン,981,0,2,こだわりメガネ,12.0
2624,リキキリン,981,0,3,いのちのたま,11.6
2625,リキキリン,981,0,4,とつげきチョッキ,11.3
2626,リキキリン,981,0,5,たつじんのおび,5.7
2627,リキキリン,981,0,6,ラムのみ,5.4
2628,リキキリン,981,0,7,きあいのタスキ,4.4
2629,リキキリン,981,0,8,カゴのみ,4.2
2630,リキキリン,981,0,9,たべのこし,3.0
2631,リキキリン,981,0,10,メンタルハーブ,1.9
2632,ノココッチ,982,0,1,オボンのみ,49.1
2633,ノココッチ,982,0,2,メンタルハーブ,13.2
2634,ノココッチ,982,0,3,たべのこし,9.5
2635,ノココッチ,982,0,4,とつげきチョッキ,6.6
2636,ノココッチ,982,0,5,ゴツゴツメット,4.2
2637,ノココッチ,982,0,6,ひかりのこな,1.4
2638,ノココッチ,982,0,7,おうじゃのしるし,1.3
2639,ノココッチ,982,0,8,せんせいのツメ,1.3
2640,ノココッチ,982,0,9,ヨプのみ,1.3
2641,ノココッチ,982,0,10,ラムのみ,1.1
2642,ドドゲザン,983,0,1,とつげきチョッキ,50.9
2643,ドドゲザン,983,0,2,くろいメガネ,21.5
2644,ドドゲザン,983,0,3,オボンのみ,7.1
2645,ドドゲザン,983,0,4,ヨプのみ,5.1
2646,ドドゲザン,983,0,5,いのちのたま,3.5
2647,ドドゲザン,983,0,6,たべのこし,2.0
2648,ドドゲザン,983,0,7,ラムのみ,1.7
2649,ドドゲザン,983,0,8,きあいのタスキ,1.6
2650,ドドゲザン,983,0,9,ゴツゴツメット,1.1
2651,ドドゲザン,983,0,10,じゃくてんほけん,1.0
2652,イダイナキバ,984,0,1,ブーストエナジー,43.2
2653,イダイナキバ,984,0,2,とつげきチョッキ,23.8
2654,イダイナキバ,984,0,3,こだわりスカーフ,7.1
2655,イダイナキバ,984,0,4,きあいのタスキ,6.8
2656,イダイナキバ,984,0,5,こだわりハチマキ,6.0
2657,イダイナキバ,984,0,6,オボンのみ,2.6
2658,イダイナキバ,984,0,7,ゴツゴツメット,2.4
2659,イダイナキバ,984,0,8,ラムのみ,1.9
2660,イダイナキバ,984,0,9,たべのこし,1.4
2661,イダイナキバ,984,0,10,いのちのたま,1.3
2662,サケブシッポ,985,0,1,メンタルハーブ,27.7
2663,サケブシッポ,985,0,2,オボンのみ,13.2
2664,サケブシッポ,985,0,3,ひかりのねんど,12.2
2665,サケブシッポ,985,0,4,たべのこし,8.7
2666,サケブシッポ,985,0,5,ブーストエナジー,7.4
2667,サケブシッポ,985,0,6,からぶりほけん,5.7
2668,サケブシッポ,985,0,7,でんきだま,4.7
2669,サケブシッポ,985,0,8,ゴツゴツメット,3.2
2670,サケブシッポ,985,0,9,こだわりスカーフ,3.0
2671,サケブシッポ,985,0,10,レッドカード,2.1
2672,アラブルタケ,986,0,1,たべのこし,40.2
2673,アラブルタケ,986,0,2,ブーストエナジー,16.0
2674,アラブルタケ,986,0,3,じゃくてんほけん,11.9
2675,アラブルタケ,986,0,4,オボンのみ,7.3
2676,アラブルタケ,986,0,5,いかさまダイス,6.3
2677,アラブルタケ,986,0,6,とつげきチョッキ,5.9
2678,アラブルタケ,986,0,7,いのちのたま,2.3
2679,アラブルタケ,986,0,8,くろいメガネ,2.0
2680,アラブルタケ,986,0,9,ゴツゴツメット,1.3
2681,アラブルタケ,986,0,10,ラムのみ,1.3
2682,ハバタクカミ,987,0,1,こだわりメガネ,31.9
2683,ハバタクカミ,987,0,2,きあいのタスキ,30.6
2684,ハバタクカミ,987,0,3,ブーストエナジー,24.4
2685,ハバタクカミ,987,0,4,こだわりスカーフ,4.8
2686,ハバタクカミ,987,0,5,いのちのたま,3.1
2687,ハバタクカミ,987,0,6,とつげきチョッキ,2.5
2688,ハバタクカミ,987,0,7,たべのこし,0.5
2689,ハバタクカミ,987,0,8,たつじんのおび,0.3
2690,ハバタクカミ,987,0,9,オボンのみ,0.3
2691,ハバタクカミ,987,0,10,ものしりメガネ,0.2
2692,チヲハウハネ,988,0,1,ブーストエナジー,25.4
2693,チヲハウハネ,988,0,2,とつげきチョッキ,24.6
2694,チヲハウハネ,988,0,3,いのちのたま,10.1
2695,チヲハウハネ,988,0,4,こだわりスカーフ,10.0
2696,チヲハウハネ,988,0,5,こだわりハチマキ,7.4
2697,チヲハウハネ,988,0,6,ゴツゴツメット,5.7
2698,チヲハウハネ,988,0,7,たべのこし,3.9
2699,チヲハウハネ,988,0,8,オボンのみ,3.2
2700,チヲハウハネ,988,0,9,ラムのみ,1.6
2701,チヲハウハネ,988,0,10,ぼうじんゴーグル,1.1
2702,スナノケガワ,989,0,1,ブーストエナジー,22.6
2703,スナノケガワ,989,0,2,こだわりスカーフ,17.7
2704,スナノケガワ,989,0,3,レッドカード,15.9
2705,スナノケガワ,989,0,4,きあいのタスキ,13.2
2706,スナノケガワ,989,0,5,からぶりほけん,5.9
2707,スナノケガワ,989,0,6,こだわりメガネ,4.4
2708,スナノケガワ,989,0,7,とつげきチョッキ,4.3
2709,スナノケガワ,989,0,8,オボンのみ,3.7
2710,スナノケガワ,989,0,9,ふうせん,2.2
2711,スナノケガワ,989,0,10,いのちのたま,2.0
2712,テツノワダチ,990,0,1,とつげきチョッキ,24.0
2713,テツノワダチ,990,0,2,ブーストエナジー,22.8
2714,テツノワダチ,990,0,3,オボンのみ,10.7
2715,テツノワダチ,990,0,4,きあいのタスキ,9.7
2716,テツノワダチ,990,0,5,グランドコート,6.7
2717,テツノワダチ,990,0,6,ふうせん,3.8
2718,テツノワダチ,990,0,7,いのちのたま,3.7
2719,テツノワダチ,990,0,8,こだわりハチマキ,3.1
2720,テツノワダチ,990,0,9,こだわりスカーフ,3.0
2721,テツノワダチ,990,0,10,ゴツゴツメット,2.8
2722,テツノツツミ,991,0,1,きあいのタスキ,31.7
2723,テツノツツミ,991,0,2,ブーストエナジー,26.1
2724,テツノツツミ,991,0,3,こだわりメガネ,17.1
2725,テツノツツミ,991,0,4,いのちのたま,8.6
2726,テツノツツミ,991,0,5,たべのこし,5.0
2727,テツノツツミ,991,0,6,こだわりスカーフ,2.5
2728,テツノツツミ,991,0,7,たつじんのおび,2.4
2729,テツノツツミ,991,0,8,ものまねハーブ,1.2
2730,テツノツツミ,991,0,9,とつげきチョッキ,0.6
2731,テツノツツミ,991,0,10,こうかくレンズ,0.6
2732,テツノカイナ,992,0,1,とつげきチョッキ,76.5
2733,テツノカイナ,992,0,2,パンチグローブ,7.5
2734,テツノカイナ,992,0,3,ブーストエナジー,5.5
2735,テツノカイナ,992,0,4,オボンのみ,4.5
2736,テツノカイナ,992,0,5,たべのこし,1.1
2737,テツノカイナ,992,0,6,いのちのたま,0.6
2738,テツノカイナ,992,0,7,ラムのみ,0.6
2739,テツノカイナ,992,0,8,ゴツゴツメット,0.6
2740,テツノカイナ,992,0,9,こだわりハチマキ,0.6
2741,テツノカイナ,992,0,10,じゃくてんほけん,0.5
2742,テツノコウベ,993,0,1,ブーストエナジー,49.7
2743,テツノコウベ,993,0,2,こだわりメガネ,17.7
2744,テツノコウベ,993,0,3,こだわりスカーフ,7.9
2745,テツノコウベ,993,0,4,いのちのたま,6.4
2746,テツノコウベ,993,0,5,きあいのタスキ,2.8
2747,テツノコウベ,993,0,6,たべのこし,2.7
2748,テツノコウベ,993,0,7,とつげきチョッキ,2.2
2749,テツノコウベ,993,0,8,グランドコート,1.1
2750,テツノコウベ,993,0,9,ラムのみ,0.8
2751,テツノコウベ,993,0,10,おうじゃのしるし,0.8
2752,テツノドクガ,994,0,1,ブーストエナジー,53.3
2753,テツノドクガ,994,0,2,こだわりメガネ,22.1
2754,テツノドクガ,994,0,3,とつげきチョッキ,8.7
2755,テツノドクガ,994,0,4,こだわりスカーフ,6.5
2756,テツノドクガ,994,0,5,いのちのたま,2.6
2757,テツノドクガ,994,0,6,きあいのタスキ,1.8
2758,テツノドクガ,994,0,7,ふうせん,1.2
2759,テツノドクガ,994,0,8,くろいヘドロ,0.7
2760,テツノドクガ,994,0,9,たつじんのおび,0.4
2761,テツノドクガ,994,0,10,だっしゅつパック,0.4
2762,テツノイバラ,995,0,1,いかさまダイス,52.4
2763,テツノイバラ,995,0,2,ブーストエナジー,20.3
2764,テツノイバラ,995,0,3,ふうせん,8.5
2765,テツノイバラ,995,0,4,とつげきチョッキ,4.1
2766,テツノイバラ,995,0,5,エレキシード,2.6
2767,テツノイバラ,995,0,6,たべのこし,2.2
2768,テツノイバラ,995,0,7,オボンのみ,1.6
2769,テツノイバラ,995,0,8,いのちのたま,1.0
2770,テツノイバラ,995,0,9,こだわりスカーフ,1.0
2771,テツノイバラ,995,0,10,じゃくてんほけん,0.8
2772,セゴール,997,0,1,しんかのきせき,99.1
2773,セゴール,997,0,2,いかさまダイス,0.9
2774,セグレイブ,998,0,1,とつげきチョッキ,50.2
2775,セグレイブ,998,0,2,いかさまダイス,35.7
2776,セグレイブ,998,0,3,きあいのタスキ,6.1
2777,セグレイブ,998,0,4,いのちのたま,2.4
2778,セグレイブ,998,0,5,こだわりハチマキ,2.3
2779,セグレイブ,998,0,6,こだわりスカーフ,0.8
2780,セグレイブ,998,0,7,ラムのみ,0.6
2781,セグレイブ,998,0,8,じゃくてんほけん,0.5
2782,セグレイブ,998,0,9,とけないこおり,0.4
2783,セグレイブ,998,0,10,オボンのみ,0.2
2784,コレクレー,999,0,1,しんかのきせき,94.5
2785,コレクレー,999,0,2,ひかりのねんど,4.1
2786,コレクレー,999,0,3,いのちのたま,1.4
