,pokemon,id,form,rank,tarastype,raito
0,ピカチュウ,25,0,1,でんき,56.7
1,ピカチュウ,25,0,2,ひこう,15.0
2,ピカチュウ,25,0,3,こおり,11.0
3,ピカチュウ,25,0,4,ゴースト,4.4
4,ピカチュウ,25,0,5,フェアリー,4.3
5,ピカチュウ,25,0,6,ノーマル,4.1
6,ピカチュウ,25,0,7,くさ,2.1
7,ピカチュウ,25,0,8,みず,2.1
8,ライチュウ,26,0,1,でんき,22.5
9,ライチュウ,26,0,2,こおり,19.2
10,ライチュウ,26,0,3,ひこう,18.9
11,ライチュウ,26,0,4,フェアリー,13.7
12,ライチュウ,26,0,5,みず,8.7
13,ライチュウ,26,0,6,かくとう,6.9
14,ライチュウ,26,0,7,ゴースト,4.5
15,ライチュウ,26,0,8,くさ,1.9
16,ライチュウ,26,0,9,ほのお,1.7
17,ライチュウ,26,0,10,ノーマル,0.7
18,プリン,39,0,1,ほのお,40.0
19,プリン,39,0,2,フェアリー,20.0
20,プリン,39,0,3,みず,20.0
21,プリン,39,0,4,ノーマル,20.0
22,プクリン,40,0,1,ほのお,40.3
23,プクリン,40,0,2,みず,13.0
24,プクリン,40,0,3,フェアリー,10.5
25,プクリン,40,0,4,はがね,10.5
26,プクリン,40,0,5,ノーマル,9.2
27,プクリン,40,0,6,じめん,3.8
28,プクリン,40,0,7,ゴースト,3.4
29,プクリン,40,0,8,ひこう,2.9
30,プクリン,40,0,9,どく,1.7
31,プクリン,40,0,10,くさ,1.3
32,コンパン,48,0,1,どく,83.3
33,コンパン,48,0,2,むし,16.7
34,モルフォン,49,0,1,むし,33.2
35,モルフォン,49,0,2,どく,32.2
36,モルフォン,49,0,3,みず,10.3
37,モルフォン,49,0,4,いわ,4.6
38,モルフォン,49,0,5,じめん,3.6
39,モルフォン,49,0,6,フェアリー,3.6
40,モルフォン,49,0,7,ゴースト,1.8
41,モルフォン,49,0,8,はがね,1.5
42,モルフォン,49,0,9,ほのお,1.5
43,モルフォン,49,0,10,あく,1.5
44,ディグダ,50,0,1,いわ,100.0
45,ダグトリオ,51,0,1,じめん,48.9
46,ダグトリオ,51,0,2,フェアリー,15.8
47,ダグトリオ,51,0,3,ゴースト,10.5
48,ダグトリオ,51,0,4,こおり,6.8
49,ダグトリオ,51,0,5,かくとう,6.3
50,ダグトリオ,51,0,6,いわ,4.7
51,ダグトリオ,51,0,7,あく,3.2
52,ダグトリオ,51,0,8,みず,1.1
53,ダグトリオ,51,0,9,どく,1.1
54,ダグトリオ,51,0,10,はがね,1.1
55,ペルシアン,53,0,1,ノーマル,92.5
56,ペルシアン,53,0,2,ひこう,2.4
57,ペルシアン,53,0,3,ゴースト,2.4
58,ペルシアン,53,0,4,くさ,1.0
59,ペルシアン,53,0,5,エスパー,1.0
60,ペルシアン,53,0,6,あく,0.3
61,ペルシアン,53,0,7,こおり,0.3
62,コダック,54,0,1,みず,97.2
63,コダック,54,0,2,ノーマル,2.8
64,ゴルダック,55,0,1,みず,81.7
65,ゴルダック,55,0,2,くさ,5.5
66,ゴルダック,55,0,3,はがね,2.4
67,ゴルダック,55,0,4,いわ,1.9
68,ゴルダック,55,0,5,エスパー,1.7
69,ゴルダック,55,0,6,こおり,1.2
70,ゴルダック,55,0,7,フェアリー,1.2
71,ゴルダック,55,0,8,じめん,1.0
72,ゴルダック,55,0,9,ドラゴン,1.0
73,ゴルダック,55,0,10,ゴースト,0.8
74,マンキー,56,0,1,あく,100.0
75,オコリザル,57,0,1,ゴースト,32.2
76,オコリザル,57,0,2,どく,20.6
77,オコリザル,57,0,3,はがね,20.4
78,オコリザル,57,0,4,ほのお,15.9
79,オコリザル,57,0,5,かくとう,7.9
80,オコリザル,57,0,6,でんき,1.1
81,オコリザル,57,0,7,ノーマル,0.5
82,オコリザル,57,0,8,ひこう,0.4
83,オコリザル,57,0,9,エスパー,0.4
84,オコリザル,57,0,10,みず,0.4
85,ガーディ,58,0,1,くさ,100.0
86,ウインディ,59,0,1,ノーマル,43.1
87,ウインディ,59,0,2,くさ,21.4
88,ウインディ,59,0,3,フェアリー,10.6
89,ウインディ,59,0,4,ほのお,7.0
90,ウインディ,59,0,5,みず,5.4
91,ウインディ,59,0,6,ひこう,2.6
92,ウインディ,59,0,7,じめん,2.4
93,ウインディ,59,0,8,はがね,1.8
94,ウインディ,59,0,9,かくとう,1.7
95,ウインディ,59,0,10,こおり,1.1
96,ヤドン,79,0,1,くさ,35.3
97,ヤドン,79,0,2,エスパー,23.5
98,ヤドン,79,0,3,はがね,11.8
99,ヤドン,79,0,4,みず,11.8
100,ヤドン,79,0,5,ノーマル,11.8
101,ヤドン,79,0,6,ゴースト,5.9
102,ヤドラン,80,0,1,くさ,15.6
103,ヤドラン,80,0,2,みず,15.2
104,ヤドラン,80,0,3,フェアリー,12.4
105,ヤドラン,80,0,4,かくとう,12.2
106,ヤドラン,80,0,5,ノーマル,9.8
107,ヤドラン,80,0,6,ほのお,6.3
108,ヤドラン,80,0,7,どく,5.6
109,ヤドラン,80,0,8,エスパー,5.6
110,ヤドラン,80,0,9,あく,3.4
111,ヤドラン,80,0,10,はがね,2.9
112,コイル,81,0,1,でんき,70.6
113,コイル,81,0,2,こおり,17.6
114,コイル,81,0,3,はがね,11.8
115,レアコイル,82,0,1,ひこう,19.5
116,レアコイル,82,0,2,みず,19.0
117,レアコイル,82,0,3,でんき,17.3
118,レアコイル,82,0,4,こおり,11.4
119,レアコイル,82,0,5,フェアリー,7.4
120,レアコイル,82,0,6,はがね,6.4
121,レアコイル,82,0,7,じめん,5.7
122,レアコイル,82,0,8,かくとう,3.4
123,レアコイル,82,0,9,ほのお,3.2
124,レアコイル,82,0,10,くさ,1.7
125,ベトベター,88,0,1,ひこう,50.0
126,ベトベター,88,0,2,どく,25.0
127,ベトベター,88,0,3,ほのお,25.0
128,ベトベトン,89,0,1,かくとう,26.7
129,ベトベトン,89,0,2,ひこう,24.6
130,ベトベトン,89,0,3,どく,12.4
131,ベトベトン,89,0,4,あく,10.5
132,ベトベトン,89,0,5,ゴースト,8.6
133,ベトベトン,89,0,6,じめん,4.8
134,ベトベトン,89,0,7,くさ,2.7
135,ベトベトン,89,0,8,ノーマル,2.0
136,ベトベトン,89,0,9,みず,1.7
137,ベトベトン,89,0,10,ほのお,1.3
138,シェルダー,90,0,1,いわ,100.0
139,パルシェン,91,0,1,こおり,26.5
140,パルシェン,91,0,2,ほのお,19.6
141,パルシェン,91,0,3,ゴースト,14.6
142,パルシェン,91,0,4,じめん,12.0
143,パルシェン,91,0,5,みず,6.5
144,パルシェン,91,0,6,でんき,4.8
145,パルシェン,91,0,7,はがね,3.7
146,パルシェン,91,0,8,くさ,2.9
147,パルシェン,91,0,9,いわ,2.7
148,パルシェン,91,0,10,かくとう,1.9
149,ゴースト,93,0,1,ゴースト,47.4
150,ゴースト,93,0,2,ノーマル,15.8
151,ゴースト,93,0,3,どく,14.0
152,ゴースト,93,0,4,でんき,12.3
153,ゴースト,93,0,5,かくとう,7.0
154,ゴースト,93,0,6,フェアリー,3.5
155,ゲンガー,94,0,1,ノーマル,36.3
156,ゲンガー,94,0,2,フェアリー,16.0
157,ゲンガー,94,0,3,ゴースト,12.8
158,ゲンガー,94,0,4,どく,7.5
159,ゲンガー,94,0,5,かくとう,5.6
160,ゲンガー,94,0,6,ひこう,5.1
161,ゲンガー,94,0,7,あく,3.6
162,ゲンガー,94,0,8,こおり,2.8
163,ゲンガー,94,0,9,くさ,2.4
164,ゲンガー,94,0,10,はがね,1.4
165,スリープ,96,0,1,フェアリー,100.0
166,スリーパー,97,0,1,フェアリー,41.4
167,スリーパー,97,0,2,ノーマル,12.7
168,スリーパー,97,0,3,あく,12.2
169,スリーパー,97,0,4,こおり,11.8
170,スリーパー,97,0,5,エスパー,8.4
171,スリーパー,97,0,6,ひこう,4.2
172,スリーパー,97,0,7,はがね,3.4
173,スリーパー,97,0,8,かくとう,3.0
174,スリーパー,97,0,9,ほのお,1.3
175,スリーパー,97,0,10,でんき,0.8
176,マルマイン,101,0,1,こおり,63.3
177,マルマイン,101,0,2,フェアリー,14.3
178,マルマイン,101,0,3,でんき,8.9
179,マルマイン,101,0,4,ノーマル,2.5
180,マルマイン,101,0,5,じめん,2.4
181,マルマイン,101,0,6,あく,1.6
182,マルマイン,101,0,7,ひこう,1.5
183,マルマイン,101,0,8,かくとう,1.5
184,マルマイン,101,0,9,ドラゴン,1.2
185,マルマイン,101,0,10,ゴースト,1.0
186,ラッキー,113,0,1,あく,56.1
187,ラッキー,113,0,2,ゴースト,19.8
188,ラッキー,113,0,3,どく,8.2
189,ラッキー,113,0,4,フェアリー,7.4
190,ラッキー,113,0,5,ひこう,1.7
191,ラッキー,113,0,6,ノーマル,1.6
192,ラッキー,113,0,7,はがね,1.5
193,ラッキー,113,0,8,くさ,0.9
194,ラッキー,113,0,9,ほのお,0.7
195,ラッキー,113,0,10,じめん,0.5
196,ストライク,123,0,1,ノーマル,31.1
197,ストライク,123,0,2,ひこう,15.9
198,ストライク,123,0,3,こおり,8.5
199,ストライク,123,0,4,じめん,7.7
200,ストライク,123,0,5,かくとう,7.4
201,ストライク,123,0,6,はがね,6.5
202,ストライク,123,0,7,ほのお,5.5
203,ストライク,123,0,8,みず,2.6
204,ストライク,123,0,9,むし,2.4
205,ストライク,123,0,10,あく,2.4
206,ケンタロス,128,1,1,フェアリー,25.0
207,ケンタロス,128,1,2,はがね,24.2
208,ケンタロス,128,1,3,こおり,12.3
209,ケンタロス,128,1,4,でんき,11.9
210,ケンタロス,128,1,5,ゴースト,6.5
211,ケンタロス,128,1,6,あく,5.8
212,ケンタロス,128,1,7,いわ,4.2
213,ケンタロス,128,1,8,かくとう,3.8
214,ケンタロス,128,1,9,ノーマル,2.3
215,ケンタロス,128,1,10,みず,1.9
216,ケンタロス,128,2,1,かくとう,17.2
217,ケンタロス,128,2,2,ほのお,15.6
218,ケンタロス,128,2,3,フェアリー,15.4
219,ケンタロス,128,2,4,こおり,12.5
220,ケンタロス,128,2,5,じめん,10.6
221,ケンタロス,128,2,6,くさ,8.2
222,ケンタロス,128,2,7,ひこう,5.5
223,ケンタロス,128,2,8,はがね,3.0
224,ケンタロス,128,2,9,ゴースト,2.3
225,ケンタロス,128,2,10,みず,1.9
226,ケンタロス,128,3,1,みず,21.1
227,ケンタロス,128,3,2,フェアリー,16.8
228,ケンタロス,128,3,3,こおり,16.1
229,ケンタロス,128,3,4,はがね,14.7
230,ケンタロス,128,3,5,じめん,6.3
231,ケンタロス,128,3,6,でんき,5.1
232,ケンタロス,128,3,7,かくとう,4.6
233,ケンタロス,128,3,8,ほのお,4.1
234,ケンタロス,128,3,9,どく,3.0
235,ケンタロス,128,3,10,ノーマル,1.9
236,コイキング,129,0,1,みず,100.0
237,ギャラドス,130,0,1,じめん,39.5
238,ギャラドス,130,0,2,ひこう,23.3
239,ギャラドス,130,0,3,みず,10.1
240,ギャラドス,130,0,4,でんき,5.6
241,ギャラドス,130,0,5,フェアリー,4.7
242,ギャラドス,130,0,6,はがね,4.4
243,ギャラドス,130,0,7,ドラゴン,3.5
244,ギャラドス,130,0,8,くさ,2.7
245,ギャラドス,130,0,9,かくとう,1.4
246,ギャラドス,130,0,10,ほのお,1.2
247,メタモン,132,0,1,ノーマル,22.7
248,メタモン,132,0,2,はがね,19.8
249,メタモン,132,0,3,フェアリー,16.1
250,メタモン,132,0,4,ゴースト,7.5
251,メタモン,132,0,5,あく,4.5
252,メタモン,132,0,6,みず,4.0
253,メタモン,132,0,7,かくとう,3.3
254,メタモン,132,0,8,ドラゴン,3.0
255,メタモン,132,0,9,ほのお,3.0
256,メタモン,132,0,10,でんき,2.9
257,イーブイ,133,0,1,ノーマル,95.7
258,イーブイ,133,0,2,ゴースト,4.3
259,シャワーズ,134,0,1,ほのお,30.2
260,シャワーズ,134,0,2,くさ,16.3
261,シャワーズ,134,0,3,じめん,13.1
262,シャワーズ,134,0,4,フェアリー,10.1
263,シャワーズ,134,0,5,はがね,6.0
264,シャワーズ,134,0,6,みず,5.0
265,シャワーズ,134,0,7,ノーマル,3.7
266,シャワーズ,134,0,8,でんき,3.6
267,シャワーズ,134,0,9,どく,2.9
268,シャワーズ,134,0,10,こおり,2.5
269,サンダース,135,0,1,こおり,58.9
270,サンダース,135,0,2,フェアリー,14.0
271,サンダース,135,0,3,ひこう,5.3
272,サンダース,135,0,4,みず,5.2
273,サンダース,135,0,5,でんき,4.8
274,サンダース,135,0,6,ゴースト,2.3
275,サンダース,135,0,7,ほのお,2.3
276,サンダース,135,0,8,じめん,1.5
277,サンダース,135,0,9,ノーマル,1.4
278,サンダース,135,0,10,かくとう,1.3
279,ブースター,136,0,1,ノーマル,58.7
280,ブースター,136,0,2,フェアリー,11.1
281,ブースター,136,0,3,くさ,8.4
282,ブースター,136,0,4,はがね,4.9
283,ブースター,136,0,5,ほのお,4.8
284,ブースター,136,0,6,みず,2.1
285,ブースター,136,0,7,かくとう,1.9
286,ブースター,136,0,8,こおり,1.8
287,ブースター,136,0,9,ゴースト,1.3
288,ブースター,136,0,10,じめん,1.2
289,ハクリュー,148,0,1,ノーマル,38.6
290,ハクリュー,148,0,2,はがね,32.4
291,ハクリュー,148,0,3,でんき,8.3
292,ハクリュー,148,0,4,ほのお,6.9
293,ハクリュー,148,0,5,どく,4.1
294,ハクリュー,148,0,6,こおり,2.8
295,ハクリュー,148,0,7,フェアリー,2.8
296,ハクリュー,148,0,8,みず,2.1
297,ハクリュー,148,0,9,くさ,1.4
298,カイリュー,149,0,1,ノーマル,56.9
299,カイリュー,149,0,2,ひこう,29.9
300,カイリュー,149,0,3,はがね,5.3
301,カイリュー,149,0,4,フェアリー,4.6
302,カイリュー,149,0,5,ほのお,1.1
303,カイリュー,149,0,6,みず,0.6
304,カイリュー,149,0,7,ドラゴン,0.4
305,カイリュー,149,0,8,でんき,0.4
306,カイリュー,149,0,9,じめん,0.2
307,カイリュー,149,0,10,ゴースト,0.1
308,ププリン,174,0,1,あく,100.0
309,モココ,180,0,1,でんき,50.0
310,モココ,180,0,2,ゴースト,50.0
311,デンリュウ,181,0,1,フェアリー,26.2
312,デンリュウ,181,0,2,ひこう,21.9
313,デンリュウ,181,0,3,こおり,20.7
314,デンリュウ,181,0,4,でんき,14.8
315,デンリュウ,181,0,5,くさ,4.7
316,デンリュウ,181,0,6,みず,2.6
317,デンリュウ,181,0,7,かくとう,1.8
318,デンリュウ,181,0,8,ドラゴン,1.7
319,デンリュウ,181,0,9,いわ,0.9
320,デンリュウ,181,0,10,はがね,0.9
321,マリル,183,0,1,こおり,50.0
322,マリル,183,0,2,ノーマル,50.0
323,マリルリ,184,0,1,みず,37.2
324,マリルリ,184,0,2,ほのお,24.8
325,マリルリ,184,0,3,フェアリー,22.6
326,マリルリ,184,0,4,ノーマル,2.7
327,マリルリ,184,0,5,くさ,2.5
328,マリルリ,184,0,6,じめん,2.3
329,マリルリ,184,0,7,はがね,2.3
330,マリルリ,184,0,8,でんき,2.0
331,マリルリ,184,0,9,かくとう,1.1
332,マリルリ,184,0,10,ゴースト,0.8
333,ウソッキー,185,0,1,いわ,56.3
334,ウソッキー,185,0,2,くさ,25.0
335,ウソッキー,185,0,3,かくとう,5.9
336,ウソッキー,185,0,4,ノーマル,5.5
337,ウソッキー,185,0,5,あく,4.5
338,ウソッキー,185,0,6,フェアリー,1.3
339,ウソッキー,185,0,7,ひこう,0.5
340,ウソッキー,185,0,8,はがね,0.4
341,ウソッキー,185,0,9,こおり,0.4
342,ハネッコ,187,0,1,くさ,100.0
343,ポポッコ,188,0,1,みず,30.8
344,ポポッコ,188,0,2,はがね,22.2
345,ポポッコ,188,0,3,ひこう,11.2
346,ポポッコ,188,0,4,どく,9.2
347,ポポッコ,188,0,5,あく,7.4
348,ポポッコ,188,0,6,くさ,6.2
349,ポポッコ,188,0,7,ほのお,3.0
350,ポポッコ,188,0,8,ノーマル,2.4
351,ポポッコ,188,0,9,でんき,2.1
352,ポポッコ,188,0,10,いわ,1.8
353,ワタッコ,189,0,1,フェアリー,22.3
354,ワタッコ,189,0,2,はがね,14.4
355,ワタッコ,189,0,3,みず,13.4
356,ワタッコ,189,0,4,ひこう,12.1
357,ワタッコ,189,0,5,ほのお,12.0
358,ワタッコ,189,0,6,くさ,6.1
359,ワタッコ,189,0,7,ノーマル,5.2
360,ワタッコ,189,0,8,あく,3.9
361,ワタッコ,189,0,9,どく,3.0
362,ワタッコ,189,0,10,でんき,2.5
363,ヒマナッツ,191,0,1,くさ,88.9
364,ヒマナッツ,191,0,2,フェアリー,11.1
365,キマワリ,192,0,1,ほのお,89.1
366,キマワリ,192,0,2,くさ,7.3
367,キマワリ,192,0,3,ゴースト,0.9
368,キマワリ,192,0,4,どく,0.8
369,キマワリ,192,0,5,フェアリー,0.5
370,キマワリ,192,0,6,ドラゴン,0.4
371,キマワリ,192,0,7,みず,0.2
372,キマワリ,192,0,8,じめん,0.2
373,キマワリ,192,0,9,はがね,0.2
374,キマワリ,192,0,10,こおり,0.2
375,ウパー,194,1,1,どく,100.0
376,エーフィ,196,0,1,かくとう,40.4
377,エーフィ,196,0,2,ノーマル,16.4
378,エーフィ,196,0,3,フェアリー,12.8
379,エーフィ,196,0,4,エスパー,11.8
380,エーフィ,196,0,5,ほのお,5.7
381,エーフィ,196,0,6,はがね,3.1
382,エーフィ,196,0,7,あく,2.2
383,エーフィ,196,0,8,じめん,1.8
384,エーフィ,196,0,9,ゴースト,1.0
385,エーフィ,196,0,10,こおり,0.9
386,ブラッキー,197,0,1,どく,49.0
387,ブラッキー,197,0,2,フェアリー,21.3
388,ブラッキー,197,0,3,ゴースト,14.2
389,ブラッキー,197,0,4,ノーマル,4.8
390,ブラッキー,197,0,5,はがね,2.7
391,ブラッキー,197,0,6,ひこう,2.7
392,ブラッキー,197,0,7,あく,1.9
393,ブラッキー,197,0,8,みず,0.8
394,ブラッキー,197,0,9,ほのお,0.7
395,ブラッキー,197,0,10,でんき,0.4
396,ヤミカラス,198,0,1,あく,63.2
397,ヤミカラス,198,0,2,フェアリー,10.5
398,ヤミカラス,198,0,3,ゴースト,10.5
399,ヤミカラス,198,0,4,でんき,5.3
400,ヤミカラス,198,0,5,ひこう,5.3
401,ヤミカラス,198,0,6,どく,5.3
402,ヤドキング,199,0,1,ほのお,21.8
403,ヤドキング,199,0,2,ノーマル,11.1
404,ヤドキング,199,0,3,みず,9.5
405,ヤドキング,199,0,4,あく,8.2
406,ヤドキング,199,0,5,フェアリー,8.0
407,ヤドキング,199,0,6,くさ,6.4
408,ヤドキング,199,0,7,でんき,5.7
409,ヤドキング,199,0,8,どく,4.6
410,ヤドキング,199,0,9,こおり,4.6
411,ヤドキング,199,0,10,はがね,4.5
412,ムウマ,200,0,1,あく,19.5
413,ムウマ,200,0,2,はがね,18.0
414,ムウマ,200,0,3,フェアリー,15.0
415,ムウマ,200,0,4,ゴースト,14.6
416,ムウマ,200,0,5,でんき,10.6
417,ムウマ,200,0,6,ノーマル,10.4
418,ムウマ,200,0,7,どく,7.2
419,ムウマ,200,0,8,じめん,1.9
420,ムウマ,200,0,9,みず,1.1
421,ムウマ,200,0,10,こおり,0.8
422,キリンリキ,203,0,1,ほのお,27.6
423,キリンリキ,203,0,2,フェアリー,23.0
424,キリンリキ,203,0,3,ゴースト,12.6
425,キリンリキ,203,0,4,かくとう,6.9
426,キリンリキ,203,0,5,エスパー,6.9
427,キリンリキ,203,0,6,あく,6.9
428,キリンリキ,203,0,7,ノーマル,6.9
429,キリンリキ,203,0,8,こおり,4.6
430,キリンリキ,203,0,9,いわ,3.4
431,フォレトス,205,0,1,かくとう,32.2
432,フォレトス,205,0,2,みず,21.8
433,フォレトス,205,0,3,いわ,7.7
434,フォレトス,205,0,4,ノーマル,7.1
435,フォレトス,205,0,5,むし,5.3
436,フォレトス,205,0,6,はがね,5.3
437,フォレトス,205,0,7,ドラゴン,5.2
438,フォレトス,205,0,8,ゴースト,4.4
439,フォレトス,205,0,9,じめん,2.9
440,フォレトス,205,0,10,ほのお,2.7
441,ノコッチ,206,0,1,ゴースト,43.4
442,ノコッチ,206,0,2,どく,17.7
443,ノコッチ,206,0,3,ノーマル,11.4
444,ノコッチ,206,0,4,フェアリー,8.7
445,ノコッチ,206,0,5,エスパー,4.8
446,ノコッチ,206,0,6,ひこう,3.7
447,ノコッチ,206,0,7,くさ,3.2
448,ノコッチ,206,0,8,かくとう,2.1
449,ノコッチ,206,0,9,でんき,1.6
450,ノコッチ,206,0,10,みず,1.3
451,ハリーセン,211,0,1,みず,55.0
452,ハリーセン,211,0,2,どく,19.8
453,ハリーセン,211,0,3,むし,9.9
454,ハリーセン,211,0,4,ひこう,3.5
455,ハリーセン,211,0,5,フェアリー,3.0
456,ハリーセン,211,0,6,くさ,2.5
457,ハリーセン,211,0,7,ドラゴン,2.0
458,ハリーセン,211,0,8,あく,1.0
459,ハリーセン,211,0,9,はがね,1.0
460,ハリーセン,211,0,10,こおり,1.0
461,ハッサム,212,0,1,はがね,64.4
462,ハッサム,212,0,2,みず,15.5
463,ハッサム,212,0,3,ほのお,3.7
464,ハッサム,212,0,4,ひこう,3.1
465,ハッサム,212,0,5,ノーマル,2.4
466,ハッサム,212,0,6,ドラゴン,2.0
467,ハッサム,212,0,7,あく,1.8
468,ハッサム,212,0,8,いわ,1.6
469,ハッサム,212,0,9,じめん,1.2
470,ハッサム,212,0,10,かくとう,1.1
471,ヘラクロス,214,0,1,いわ,58.0
472,ヘラクロス,214,0,2,ノーマル,18.6
473,ヘラクロス,214,0,3,かくとう,4.2
474,ヘラクロス,214,0,4,あく,3.4
475,ヘラクロス,214,0,5,でんき,3.0
476,ヘラクロス,214,0,6,むし,2.5
477,ヘラクロス,214,0,7,はがね,2.4
478,ヘラクロス,214,0,8,じめん,2.0
479,ヘラクロス,214,0,9,フェアリー,1.8
480,ヘラクロス,214,0,10,どく,0.9
481,ニューラ,215,0,1,こおり,53.3
482,ニューラ,215,0,2,かくとう,26.7
483,ニューラ,215,0,3,あく,13.3
484,ニューラ,215,0,4,フェアリー,6.7
485,リングマ,217,0,1,フェアリー,30.5
486,リングマ,217,0,2,ゴースト,26.7
487,リングマ,217,0,3,ノーマル,23.8
488,リングマ,217,0,4,ひこう,8.8
489,リングマ,217,0,5,じめん,2.6
490,リングマ,217,0,6,どく,1.9
491,リングマ,217,0,7,かくとう,1.6
492,リングマ,217,0,8,でんき,1.1
493,リングマ,217,0,9,くさ,0.9
494,リングマ,217,0,10,あく,0.7
495,デリバード,225,0,1,こおり,39.3
496,デリバード,225,0,2,ゴースト,17.9
497,デリバード,225,0,3,ひこう,12.5
498,デリバード,225,0,4,フェアリー,10.7
499,デリバード,225,0,5,かくとう,7.1
500,デリバード,225,0,6,はがね,5.4
501,デリバード,225,0,7,くさ,1.8
502,デリバード,225,0,8,じめん,1.8
503,デリバード,225,0,9,あく,1.8
504,デリバード,225,0,10,どく,1.8
505,デルビル,228,0,1,あく,96.2
506,デルビル,228,0,2,ほのお,3.8
507,ヘルガー,229,0,1,ゴースト,24.6
508,ヘルガー,229,0,2,あく,20.5
509,ヘルガー,229,0,3,フェアリー,16.7
510,ヘルガー,229,0,4,くさ,14.8
511,ヘルガー,229,0,5,ほのお,12.8
512,ヘルガー,229,0,6,こおり,3.0
513,ヘルガー,229,0,7,どく,2.3
514,ヘルガー,229,0,8,はがね,1.4
515,ヘルガー,229,0,9,じめん,0.9
516,ヘルガー,229,0,10,ノーマル,0.6
517,ゴマゾウ,231,0,1,じめん,66.7
518,ゴマゾウ,231,0,2,フェアリー,33.3
519,ドンファン,232,0,1,こおり,43.6
520,ドンファン,232,0,2,じめん,32.6
521,ドンファン,232,0,3,くさ,6.8
522,ドンファン,232,0,4,フェアリー,3.9
523,ドンファン,232,0,5,はがね,3.5
524,ドンファン,232,0,6,ゴースト,2.1
525,ドンファン,232,0,7,みず,1.8
526,ドンファン,232,0,8,ノーマル,1.2
527,ドンファン,232,0,9,ひこう,0.8
528,ドンファン,232,0,10,どく,0.8
529,オドシシ,234,0,1,フェアリー,41.1
530,オドシシ,234,0,2,エスパー,17.8
531,オドシシ,234,0,3,むし,15.1
532,オドシシ,234,0,4,くさ,6.8
533,オドシシ,234,0,5,ゴースト,6.8
534,オドシシ,234,0,6,ノーマル,5.5
535,オドシシ,234,0,7,どく,2.7
536,オドシシ,234,0,8,じめん,1.4
537,オドシシ,234,0,9,ひこう,1.4
538,ハピナス,242,0,1,あく,28.3
539,ハピナス,242,0,2,ゴースト,26.8
540,ハピナス,242,0,3,ほのお,10.2
541,ハピナス,242,0,4,はがね,7.1
542,ハピナス,242,0,5,フェアリー,6.4
543,ハピナス,242,0,6,いわ,6.1
544,ハピナス,242,0,7,どく,2.5
545,ハピナス,242,0,8,でんき,2.5
546,ハピナス,242,0,9,ひこう,2.1
547,ハピナス,242,0,10,エスパー,1.8
548,ヨーギラス,246,0,1,ほのお,62.5
549,ヨーギラス,246,0,2,はがね,31.3
550,ヨーギラス,246,0,3,ノーマル,6.3
551,サナギラス,247,0,1,くさ,75.0
552,サナギラス,247,0,2,ドラゴン,25.0
553,バンギラス,248,0,1,いわ,37.2
554,バンギラス,248,0,2,じめん,17.4
555,バンギラス,248,0,3,ひこう,13.9
556,バンギラス,248,0,4,ゴースト,9.0
557,バンギラス,248,0,5,フェアリー,7.6
558,バンギラス,248,0,6,はがね,3.6
559,バンギラス,248,0,7,くさ,2.8
560,バンギラス,248,0,8,どく,2.7
561,バンギラス,248,0,9,ほのお,1.6
562,バンギラス,248,0,10,かくとう,1.1
563,ペリッパー,279,0,1,ひこう,19.1
564,ペリッパー,279,0,2,じめん,18.6
565,ペリッパー,279,0,3,みず,15.7
566,ペリッパー,279,0,4,くさ,15.6
567,ペリッパー,279,0,5,フェアリー,7.9
568,ペリッパー,279,0,6,はがね,6.3
569,ペリッパー,279,0,7,でんき,6.0
570,ペリッパー,279,0,8,こおり,1.8
571,ペリッパー,279,0,9,かくとう,1.3
572,ペリッパー,279,0,10,ドラゴン,1.3
573,キルリア,281,0,1,ゴースト,80.0
574,キルリア,281,0,2,ノーマル,20.0
575,サーナイト,282,0,1,ほのお,52.5
576,サーナイト,282,0,2,フェアリー,16.5
577,サーナイト,282,0,3,ノーマル,6.5
578,サーナイト,282,0,4,はがね,5.8
579,サーナイト,282,0,5,エスパー,5.4
580,サーナイト,282,0,6,でんき,3.4
581,サーナイト,282,0,7,あく,1.7
582,サーナイト,282,0,8,ゴースト,1.7
583,サーナイト,282,0,9,みず,1.6
584,サーナイト,282,0,10,かくとう,1.5
585,アメタマ,283,0,1,みず,100.0
586,アメモース,284,0,1,みず,61.8
587,アメモース,284,0,2,こおり,6.7
588,アメモース,284,0,3,はがね,5.8
589,アメモース,284,0,4,むし,5.0
590,アメモース,284,0,5,ほのお,3.0
591,アメモース,284,0,6,ひこう,2.6
592,アメモース,284,0,7,ゴースト,2.2
593,アメモース,284,0,8,かくとう,2.2
594,アメモース,284,0,9,あく,2.0
595,アメモース,284,0,10,でんき,1.8
596,キノココ,285,0,1,みず,100.0
597,キノガッサ,286,0,1,ほのお,21.4
598,キノガッサ,286,0,2,くさ,20.4
599,キノガッサ,286,0,3,かくとう,14.9
600,キノガッサ,286,0,4,いわ,12.8
601,キノガッサ,286,0,5,はがね,7.4
602,キノガッサ,286,0,6,じめん,7.2
603,キノガッサ,286,0,7,ゴースト,3.2
604,キノガッサ,286,0,8,みず,2.5
605,キノガッサ,286,0,9,ノーマル,2.4
606,キノガッサ,286,0,10,フェアリー,2.0
607,ヤルキモノ,288,0,1,あく,25.9
608,ヤルキモノ,288,0,2,フェアリー,21.1
609,ヤルキモノ,288,0,3,ゴースト,16.2
610,ヤルキモノ,288,0,4,かくとう,9.2
611,ヤルキモノ,288,0,5,ノーマル,7.0
612,ヤルキモノ,288,0,6,ほのお,6.5
613,ヤルキモノ,288,0,7,どく,5.9
614,ヤルキモノ,288,0,8,はがね,3.8
615,ヤルキモノ,288,0,9,じめん,2.2
616,ヤルキモノ,288,0,10,ひこう,1.1
617,ケッキング,289,0,1,ノーマル,57.4
618,ケッキング,289,0,2,ゴースト,27.9
619,ケッキング,289,0,3,フェアリー,10.2
620,ケッキング,289,0,4,あく,0.9
621,ケッキング,289,0,5,じめん,0.9
622,ケッキング,289,0,6,かくとう,0.8
623,ケッキング,289,0,7,どく,0.5
624,ケッキング,289,0,8,はがね,0.3
625,ケッキング,289,0,9,ほのお,0.3
626,ケッキング,289,0,10,みず,0.2
627,ハリテヤマ,297,0,1,はがね,87.2
628,ハリテヤマ,297,0,2,かくとう,4.2
629,ハリテヤマ,297,0,3,じめん,2.4
630,ハリテヤマ,297,0,4,ノーマル,2.4
631,ハリテヤマ,297,0,5,でんき,0.7
632,ハリテヤマ,297,0,6,ほのお,0.6
633,ハリテヤマ,297,0,7,どく,0.6
634,ハリテヤマ,297,0,8,フェアリー,0.5
635,ハリテヤマ,297,0,9,あく,0.4
636,ハリテヤマ,297,0,10,みず,0.2
637,ヤミラミ,302,0,1,あく,25.0
638,ヤミラミ,302,0,2,はがね,15.8
639,ヤミラミ,302,0,3,ノーマル,13.0
640,ヤミラミ,302,0,4,フェアリー,12.0
641,ヤミラミ,302,0,5,どく,11.0
642,ヤミラミ,302,0,6,ゴースト,6.4
643,ヤミラミ,302,0,7,ひこう,4.7
644,ヤミラミ,302,0,8,ほのお,4.3
645,ヤミラミ,302,0,9,じめん,2.0
646,ヤミラミ,302,0,10,むし,1.5
647,アサナン,307,0,1,はがね,100.0
648,チャーレム,308,0,1,はがね,41.4
649,チャーレム,308,0,2,かくとう,25.5
650,チャーレム,308,0,3,エスパー,9.0
651,チャーレム,308,0,4,あく,7.7
652,チャーレム,308,0,5,ノーマル,6.1
653,チャーレム,308,0,6,ゴースト,3.1
654,チャーレム,308,0,7,いわ,1.9
655,チャーレム,308,0,8,こおり,1.5
656,チャーレム,308,0,9,フェアリー,0.8
657,チャーレム,308,0,10,ドラゴン,0.8
658,ゴクリン,316,0,1,ゴースト,50.0
659,ゴクリン,316,0,2,ひこう,50.0
660,マルノーム,317,0,1,ひこう,44.7
661,マルノーム,317,0,2,かくとう,15.2
662,マルノーム,317,0,3,どく,11.7
663,マルノーム,317,0,4,みず,5.8
664,マルノーム,317,0,5,ノーマル,5.1
665,マルノーム,317,0,6,くさ,4.3
666,マルノーム,317,0,7,あく,3.9
667,マルノーム,317,0,8,はがね,2.7
668,マルノーム,317,0,9,フェアリー,2.3
669,マルノーム,317,0,10,じめん,1.6
670,ドンメル,322,0,1,くさ,35.9
671,ドンメル,322,0,2,かくとう,17.9
672,ドンメル,322,0,3,ほのお,12.8
673,ドンメル,322,0,4,じめん,10.3
674,ドンメル,322,0,5,みず,7.7
675,ドンメル,322,0,6,ゴースト,5.1
676,ドンメル,322,0,7,ノーマル,5.1
677,ドンメル,322,0,8,あく,2.6
678,ドンメル,322,0,9,ひこう,2.6
679,バクーダ,323,0,1,ほのお,51.7
680,バクーダ,323,0,2,くさ,18.6
681,バクーダ,323,0,3,じめん,6.0
682,バクーダ,323,0,4,フェアリー,5.3
683,バクーダ,323,0,5,ひこう,3.8
684,バクーダ,323,0,6,ノーマル,3.0
685,バクーダ,323,0,7,こおり,2.8
686,バクーダ,323,0,8,でんき,2.5
687,バクーダ,323,0,9,みず,2.0
688,バクーダ,323,0,10,ドラゴン,1.0
689,コータス,324,0,1,ほのお,80.4
690,コータス,324,0,2,くさ,11.0
691,コータス,324,0,3,ノーマル,2.4
692,コータス,324,0,4,ひこう,1.5
693,コータス,324,0,5,みず,1.0
694,コータス,324,0,6,フェアリー,0.9
695,コータス,324,0,7,かくとう,0.5
696,コータス,324,0,8,こおり,0.5
697,コータス,324,0,9,ゴースト,0.4
698,コータス,324,0,10,じめん,0.3
699,バネブー,325,0,1,エスパー,66.7
700,バネブー,325,0,2,ノーマル,33.3
701,ブーピッグ,326,0,1,フェアリー,19.9
702,ブーピッグ,326,0,2,じめん,17.5
703,ブーピッグ,326,0,3,ノーマル,17.5
704,ブーピッグ,326,0,4,エスパー,16.3
705,ブーピッグ,326,0,5,くさ,6.6
706,ブーピッグ,326,0,6,どく,4.8
707,ブーピッグ,326,0,7,はがね,4.2
708,ブーピッグ,326,0,8,かくとう,3.6
709,ブーピッグ,326,0,9,むし,3.0
710,ブーピッグ,326,0,10,ゴースト,1.2
711,サボネア,331,0,1,くさ,66.7
712,サボネア,331,0,2,ほのお,33.3
713,ノクタス,332,0,1,ほのお,68.0
714,ノクタス,332,0,2,あく,6.4
715,ノクタス,332,0,3,どく,5.9
716,ノクタス,332,0,4,くさ,5.0
717,ノクタス,332,0,5,ゴースト,4.6
718,ノクタス,332,0,6,いわ,4.1
719,ノクタス,332,0,7,フェアリー,2.4
720,ノクタス,332,0,8,じめん,1.8
721,ノクタス,332,0,9,こおり,0.5
722,ノクタス,332,0,10,はがね,0.4
723,チルット,333,0,1,でんき,50.0
724,チルット,333,0,2,ノーマル,50.0
725,チルタリス,334,0,1,フェアリー,46.0
726,チルタリス,334,0,2,はがね,16.7
727,チルタリス,334,0,3,ノーマル,12.5
728,チルタリス,334,0,4,ひこう,11.1
729,チルタリス,334,0,5,どく,2.4
730,チルタリス,334,0,6,こおり,2.2
731,チルタリス,334,0,7,ほのお,2.2
732,チルタリス,334,0,8,みず,2.1
733,チルタリス,334,0,9,でんき,1.1
734,チルタリス,334,0,10,ゴースト,0.9
735,ザングース,335,0,1,ノーマル,71.2
736,ザングース,335,0,2,ゴースト,22.3
737,ザングース,335,0,3,ひこう,2.3
738,ザングース,335,0,4,あく,1.0
739,ザングース,335,0,5,みず,0.7
740,ザングース,335,0,6,フェアリー,0.7
741,ザングース,335,0,7,はがね,0.4
742,ザングース,335,0,8,エスパー,0.4
743,ザングース,335,0,9,かくとう,0.3
744,ザングース,335,0,10,どく,0.2
745,ハブネーク,336,0,1,あく,25.9
746,ハブネーク,336,0,2,フェアリー,17.6
747,ハブネーク,336,0,3,どく,15.7
748,ハブネーク,336,0,4,くさ,10.2
749,ハブネーク,336,0,5,こおり,9.3
750,ハブネーク,336,0,6,ひこう,6.5
751,ハブネーク,336,0,7,じめん,5.6
752,ハブネーク,336,0,8,はがね,4.6
753,ハブネーク,336,0,9,ゴースト,2.8
754,ハブネーク,336,0,10,むし,0.9
755,ナマズン,340,0,1,ドラゴン,38.6
756,ナマズン,340,0,2,くさ,9.4
757,ナマズン,340,0,3,フェアリー,8.7
758,ナマズン,340,0,4,みず,8.3
759,ナマズン,340,0,5,こおり,7.5
760,ナマズン,340,0,6,じめん,7.1
761,ナマズン,340,0,7,ほのお,5.5
762,ナマズン,340,0,8,どく,4.7
763,ナマズン,340,0,9,ひこう,3.5
764,ナマズン,340,0,10,ノーマル,2.8
765,ジュペッタ,354,0,1,あく,43.4
766,ジュペッタ,354,0,2,フェアリー,22.7
767,ジュペッタ,354,0,3,ゴースト,15.0
768,ジュペッタ,354,0,4,ノーマル,7.7
769,ジュペッタ,354,0,5,かくとう,7.0
770,ジュペッタ,354,0,6,ほのお,1.7
771,ジュペッタ,354,0,7,ひこう,1.0
772,ジュペッタ,354,0,8,どく,1.0
773,ジュペッタ,354,0,9,はがね,0.3
774,トロピウス,357,0,1,みず,45.3
775,トロピウス,357,0,2,ゴースト,13.3
776,トロピウス,357,0,3,はがね,8.2
777,トロピウス,357,0,4,ひこう,7.6
778,トロピウス,357,0,5,ほのお,6.5
779,トロピウス,357,0,6,ノーマル,4.0
780,トロピウス,357,0,7,フェアリー,2.7
781,トロピウス,357,0,8,どく,2.5
782,トロピウス,357,0,9,くさ,2.5
783,トロピウス,357,0,10,いわ,2.4
784,ユキワラシ,361,0,1,こおり,100.0
785,オニゴーリ,362,0,1,みず,80.4
786,オニゴーリ,362,0,2,ほのお,3.9
787,オニゴーリ,362,0,3,こおり,3.2
788,オニゴーリ,362,0,4,じめん,2.9
789,オニゴーリ,362,0,5,フェアリー,1.9
790,オニゴーリ,362,0,6,でんき,1.7
791,オニゴーリ,362,0,7,ゴースト,1.6
792,オニゴーリ,362,0,8,どく,1.3
793,オニゴーリ,362,0,9,ひこう,0.9
794,オニゴーリ,362,0,10,はがね,0.5
795,ラブカス,370,0,1,みず,85.7
796,ラブカス,370,0,2,フェアリー,14.3
797,タツベイ,371,0,1,ドラゴン,100.0
798,コモルー,372,0,1,はがね,38.9
799,コモルー,372,0,2,ひこう,25.0
800,コモルー,372,0,3,ノーマル,19.4
801,コモルー,372,0,4,ほのお,5.6
802,コモルー,372,0,5,みず,5.6
803,コモルー,372,0,6,でんき,2.8
804,コモルー,372,0,7,フェアリー,2.8
805,ボーマンダ,373,0,1,はがね,51.2
806,ボーマンダ,373,0,2,ひこう,12.7
807,ボーマンダ,373,0,3,ほのお,9.8
808,ボーマンダ,373,0,4,フェアリー,7.2
809,ボーマンダ,373,0,5,でんき,5.1
810,ボーマンダ,373,0,6,ドラゴン,4.0
811,ボーマンダ,373,0,7,みず,2.5
812,ボーマンダ,373,0,8,じめん,2.2
813,ボーマンダ,373,0,9,どく,1.1
814,ボーマンダ,373,0,10,ノーマル,1.0
815,ムックル,396,0,1,ひこう,100.0
816,ムクバード,397,0,1,ひこう,50.0
817,ムクバード,397,0,2,ノーマル,33.3
818,ムクバード,397,0,3,こおり,16.7
819,ムクホーク,398,0,1,ひこう,63.9
820,ムクホーク,398,0,2,ノーマル,17.1
821,ムクホーク,398,0,3,かくとう,4.9
822,ムクホーク,398,0,4,はがね,3.5
823,ムクホーク,398,0,5,ゴースト,2.8
824,ムクホーク,398,0,6,ほのお,2.3
825,ムクホーク,398,0,7,じめん,2.2
826,ムクホーク,398,0,8,フェアリー,1.2
827,ムクホーク,398,0,9,こおり,0.9
828,ムクホーク,398,0,10,あく,0.4
829,コロトック,402,0,1,むし,59.2
830,コロトック,402,0,2,あく,18.4
831,コロトック,402,0,3,ほのお,12.2
832,コロトック,402,0,4,はがね,4.1
833,コロトック,402,0,5,くさ,2.0
834,コロトック,402,0,6,ゴースト,2.0
835,コロトック,402,0,7,みず,2.0
836,レントラー,405,0,1,ノーマル,42.9
837,レントラー,405,0,2,でんき,23.3
838,レントラー,405,0,3,フェアリー,7.1
839,レントラー,405,0,4,じめん,6.9
840,レントラー,405,0,5,こおり,6.6
841,レントラー,405,0,6,ひこう,4.0
842,レントラー,405,0,7,くさ,3.7
843,レントラー,405,0,8,あく,1.6
844,レントラー,405,0,9,みず,1.1
845,レントラー,405,0,10,はがね,0.8
846,ミツハニー,415,0,1,ドラゴン,66.7
847,ミツハニー,415,0,2,むし,33.3
848,ビークイン,416,0,1,どく,18.8
849,ビークイン,416,0,2,はがね,18.7
850,ビークイン,416,0,3,ノーマル,10.1
851,ビークイン,416,0,4,じめん,8.7
852,ビークイン,416,0,5,ひこう,8.7
853,ビークイン,416,0,6,むし,8.4
854,ビークイン,416,0,7,ドラゴン,6.8
855,ビークイン,416,0,8,ほのお,6.3
856,ビークイン,416,0,9,ゴースト,5.1
857,ビークイン,416,0,10,フェアリー,2.9
858,パチリス,417,0,1,ひこう,58.0
859,パチリス,417,0,2,でんき,26.0
860,パチリス,417,0,3,くさ,6.0
861,パチリス,417,0,4,むし,4.0
862,パチリス,417,0,5,ノーマル,4.0
863,パチリス,417,0,6,フェアリー,2.0
864,ブイゼル,418,0,1,みず,100.0
865,フローゼル,419,0,1,みず,98.4
866,フローゼル,419,0,2,はがね,0.6
867,フローゼル,419,0,3,こおり,0.3
868,フローゼル,419,0,4,くさ,0.2
869,フローゼル,419,0,5,ゴースト,0.2
870,フローゼル,419,0,6,でんき,0.1
871,フローゼル,419,0,7,フェアリー,0.0
872,フローゼル,419,0,8,かくとう,0.0
873,フローゼル,419,0,9,あく,0.0
874,フローゼル,419,0,10,ドラゴン,0.0
875,カラナクシ,422,0,1,じめん,44.4
876,カラナクシ,422,0,2,みず,33.3
877,カラナクシ,422,0,3,ドラゴン,22.2
878,トリトドン,423,0,1,ほのお,42.6
879,トリトドン,423,0,2,どく,13.5
880,トリトドン,423,0,3,みず,8.9
881,トリトドン,423,0,4,はがね,6.4
882,トリトドン,423,0,5,くさ,4.9
883,トリトドン,423,0,6,フェアリー,4.7
884,トリトドン,423,0,7,こおり,4.5
885,トリトドン,423,0,8,ノーマル,3.2
886,トリトドン,423,0,9,じめん,2.8
887,トリトドン,423,0,10,ひこう,2.5
888,フワライド,426,0,1,あく,52.4
889,フワライド,426,0,2,ノーマル,20.3
890,フワライド,426,0,3,ひこう,4.5
891,フワライド,426,0,4,フェアリー,4.3
892,フワライド,426,0,5,はがね,4.2
893,フワライド,426,0,6,かくとう,2.9
894,フワライド,426,0,7,でんき,2.5
895,フワライド,426,0,8,ゴースト,2.4
896,フワライド,426,0,9,どく,1.5
897,フワライド,426,0,10,エスパー,0.9
898,ムウマージ,429,0,1,ノーマル,33.4
899,ムウマージ,429,0,2,フェアリー,19.6
900,ムウマージ,429,0,3,ゴースト,16.5
901,ムウマージ,429,0,4,でんき,8.7
902,ムウマージ,429,0,5,かくとう,4.9
903,ムウマージ,429,0,6,はがね,4.1
904,ムウマージ,429,0,7,くさ,3.1
905,ムウマージ,429,0,8,あく,2.7
906,ムウマージ,429,0,9,ほのお,1.9
907,ムウマージ,429,0,10,いわ,1.9
908,ドンカラス,430,0,1,あく,63.4
909,ドンカラス,430,0,2,ひこう,11.7
910,ドンカラス,430,0,3,ほのお,5.8
911,ドンカラス,430,0,4,フェアリー,5.3
912,ドンカラス,430,0,5,はがね,3.3
913,ドンカラス,430,0,6,じめん,2.2
914,ドンカラス,430,0,7,こおり,1.5
915,ドンカラス,430,0,8,かくとう,1.5
916,ドンカラス,430,0,9,どく,1.3
917,ドンカラス,430,0,10,ゴースト,1.2
918,スカタンク,435,0,1,あく,68.1
919,スカタンク,435,0,2,ひこう,12.4
920,スカタンク,435,0,3,かくとう,6.1
921,スカタンク,435,0,4,ノーマル,5.8
922,スカタンク,435,0,5,どく,2.8
923,スカタンク,435,0,6,フェアリー,2.5
924,スカタンク,435,0,7,じめん,1.0
925,スカタンク,435,0,8,むし,0.3
926,スカタンク,435,0,9,くさ,0.3
927,スカタンク,435,0,10,ゴースト,0.3
928,ドータクン,437,0,1,はがね,37.0
929,ドータクン,437,0,2,でんき,11.9
930,ドータクン,437,0,3,どく,8.6
931,ドータクン,437,0,4,かくとう,6.2
932,ドータクン,437,0,5,ノーマル,5.3
933,ドータクン,437,0,6,あく,4.3
934,ドータクン,437,0,7,ほのお,4.2
935,ドータクン,437,0,8,じめん,4.1
936,ドータクン,437,0,9,いわ,3.8
937,ドータクン,437,0,10,みず,3.7
938,ウソハチ,438,0,1,いわ,100.0
939,ミカルゲ,442,0,1,ゴースト,33.4
940,ミカルゲ,442,0,2,あく,24.1
941,ミカルゲ,442,0,3,フェアリー,15.2
942,ミカルゲ,442,0,4,どく,11.4
943,ミカルゲ,442,0,5,はがね,8.1
944,ミカルゲ,442,0,6,ほのお,2.8
945,ミカルゲ,442,0,7,でんき,1.5
946,ミカルゲ,442,0,8,ノーマル,1.3
947,ミカルゲ,442,0,9,くさ,0.8
948,ミカルゲ,442,0,10,エスパー,0.5
949,フカマル,443,0,1,ほのお,66.7
950,フカマル,443,0,2,じめん,33.3
951,ガバイト,444,0,1,ドラゴン,100.0
952,ガブリアス,445,0,1,はがね,30.0
953,ガブリアス,445,0,2,ほのお,20.9
954,ガブリアス,445,0,3,フェアリー,17.9
955,ガブリアス,445,0,4,じめん,17.0
956,ガブリアス,445,0,5,みず,4.6
957,ガブリアス,445,0,6,でんき,2.5
958,ガブリアス,445,0,7,どく,2.4
959,ガブリアス,445,0,8,ドラゴン,1.3
960,ガブリアス,445,0,9,こおり,1.1
961,ガブリアス,445,0,10,ノーマル,0.6
962,リオル,447,0,1,かくとう,68.2
963,リオル,447,0,2,ゴースト,11.4
964,リオル,447,0,3,じめん,11.4
965,リオル,447,0,4,はがね,9.1
966,ルカリオ,448,0,1,ノーマル,38.0
967,ルカリオ,448,0,2,かくとう,16.9
968,ルカリオ,448,0,3,こおり,13.1
969,ルカリオ,448,0,4,はがね,11.6
970,ルカリオ,448,0,5,あく,7.4
971,ルカリオ,448,0,6,ひこう,3.6
972,ルカリオ,448,0,7,ゴースト,2.2
973,ルカリオ,448,0,8,みず,1.7
974,ルカリオ,448,0,9,じめん,1.4
975,ルカリオ,448,0,10,フェアリー,1.3
976,カバルドン,450,0,1,くさ,29.5
977,カバルドン,450,0,2,はがね,15.4
978,カバルドン,450,0,3,フェアリー,13.5
979,カバルドン,450,0,4,じめん,11.0
980,カバルドン,450,0,5,みず,8.1
981,カバルドン,450,0,6,いわ,4.4
982,カバルドン,450,0,7,ほのお,2.7
983,カバルドン,450,0,8,ノーマル,2.7
984,カバルドン,450,0,9,こおり,2.6
985,カバルドン,450,0,10,かくとう,1.6
986,ドクロッグ,454,0,1,じめん,27.4
987,ドクロッグ,454,0,2,あく,16.7
988,ドクロッグ,454,0,3,かくとう,15.8
989,ドクロッグ,454,0,4,ひこう,9.3
990,ドクロッグ,454,0,5,はがね,8.6
991,ドクロッグ,454,0,6,どく,7.2
992,ドクロッグ,454,0,7,ほのお,6.0
993,ドクロッグ,454,0,8,こおり,3.8
994,ドクロッグ,454,0,9,ゴースト,1.2
995,ドクロッグ,454,0,10,いわ,1.1
996,ケイコウオ,456,0,1,みず,100.0
997,ネオラント,457,0,1,じめん,48.6
998,ネオラント,457,0,2,ほのお,12.2
999,ネオラント,457,0,3,みず,9.5
1000,ネオラント,457,0,4,むし,8.1
1001,ネオラント,457,0,5,でんき,6.8
1002,ネオラント,457,0,6,あく,4.1
1003,ネオラント,457,0,7,フェアリー,2.7
1004,ネオラント,457,0,8,ゴースト,2.7
1005,ネオラント,457,0,9,こおり,1.4
1006,ネオラント,457,0,10,かくとう,1.4
1007,ユキカブリ,459,0,1,こおり,100.0
1008,ユキノオー,460,0,1,みず,24.3
1009,ユキノオー,460,0,2,ほのお,17.7
1010,ユキノオー,460,0,3,こおり,14.7
1011,ユキノオー,460,0,4,くさ,11.6
1012,ユキノオー,460,0,5,じめん,9.0
1013,ユキノオー,460,0,6,ドラゴン,3.8
1014,ユキノオー,460,0,7,フェアリー,3.7
1015,ユキノオー,460,0,8,ゴースト,3.2
1016,ユキノオー,460,0,9,どく,3.1
1017,ユキノオー,460,0,10,いわ,2.0
1018,マニューラ,461,0,1,こおり,33.3
1019,マニューラ,461,0,2,ゴースト,25.4
1020,マニューラ,461,0,3,あく,13.2
1021,マニューラ,461,0,4,ほのお,8.1
1022,マニューラ,461,0,5,かくとう,6.6
1023,マニューラ,461,0,6,どく,3.8
1024,マニューラ,461,0,7,じめん,3.5
1025,マニューラ,461,0,8,フェアリー,2.3
1026,マニューラ,461,0,9,はがね,1.2
1027,マニューラ,461,0,10,ひこう,0.8
1028,ジバコイル,462,0,1,みず,40.0
1029,ジバコイル,462,0,2,ひこう,30.4
1030,ジバコイル,462,0,3,フェアリー,9.4
1031,ジバコイル,462,0,4,じめん,4.6
1032,ジバコイル,462,0,5,くさ,3.6
1033,ジバコイル,462,0,6,でんき,2.5
1034,ジバコイル,462,0,7,こおり,2.3
1035,ジバコイル,462,0,8,かくとう,1.6
1036,ジバコイル,462,0,9,はがね,1.6
1037,ジバコイル,462,0,10,ほのお,1.2
1038,リーフィア,470,0,1,ほのお,41.8
1039,リーフィア,470,0,2,ノーマル,13.9
1040,リーフィア,470,0,3,いわ,12.7
1041,リーフィア,470,0,4,ゴースト,8.5
1042,リーフィア,470,0,5,フェアリー,4.8
1043,リーフィア,470,0,6,みず,4.6
1044,リーフィア,470,0,7,はがね,2.6
1045,リーフィア,470,0,8,くさ,2.1
1046,リーフィア,470,0,9,こおり,2.1
1047,リーフィア,470,0,10,どく,1.6
1048,グレイシア,471,0,1,ほのお,33.3
1049,グレイシア,471,0,2,みず,24.6
1050,グレイシア,471,0,3,じめん,21.8
1051,グレイシア,471,0,4,かくとう,7.1
1052,グレイシア,471,0,5,ゴースト,4.4
1053,グレイシア,471,0,6,こおり,4.0
1054,グレイシア,471,0,7,ノーマル,1.3
1055,グレイシア,471,0,8,はがね,0.9
1056,グレイシア,471,0,9,ひこう,0.5
1057,グレイシア,471,0,10,どく,0.5
1058,エルレイド,475,0,1,あく,20.6
1059,エルレイド,475,0,2,はがね,14.8
1060,エルレイド,475,0,3,かくとう,12.9
1061,エルレイド,475,0,4,エスパー,10.5
1062,エルレイド,475,0,5,フェアリー,9.4
1063,エルレイド,475,0,6,くさ,8.0
1064,エルレイド,475,0,7,ノーマル,5.7
1065,エルレイド,475,0,8,ほのお,4.9
1066,エルレイド,475,0,9,みず,4.7
1067,エルレイド,475,0,10,ゴースト,4.0
1068,ユキメノコ,478,0,1,こおり,37.7
1069,ユキメノコ,478,0,2,ゴースト,13.0
1070,ユキメノコ,478,0,3,フェアリー,12.0
1071,ユキメノコ,478,0,4,かくとう,7.5
1072,ユキメノコ,478,0,5,ノーマル,7.5
1073,ユキメノコ,478,0,6,みず,7.2
1074,ユキメノコ,478,0,7,じめん,4.1
1075,ユキメノコ,478,0,8,あく,3.1
1076,ユキメノコ,478,0,9,ほのお,2.7
1077,ユキメノコ,478,0,10,でんき,1.0
1078,ロトム,479,0,1,ノーマル,32.1
1079,ロトム,479,0,2,でんき,16.4
1080,ロトム,479,0,3,あく,12.9
1081,ロトム,479,0,4,フェアリー,11.4
1082,ロトム,479,0,5,はがね,7.9
1083,ロトム,479,0,6,みず,5.0
1084,ロトム,479,0,7,ゴースト,4.3
1085,ロトム,479,0,8,こおり,4.3
1086,ロトム,479,0,9,かくとう,2.9
1087,ロトム,479,0,10,くさ,2.1
1088,ロトム,479,1,1,フェアリー,27.7
1089,ロトム,479,1,2,はがね,22.0
1090,ロトム,479,1,3,でんき,20.4
1091,ロトム,479,1,4,ゴースト,11.8
1092,ロトム,479,1,5,こおり,4.5
1093,ロトム,479,1,6,くさ,4.3
1094,ロトム,479,1,7,みず,3.5
1095,ロトム,479,1,8,ノーマル,1.9
1096,ロトム,479,1,9,あく,1.1
1097,ロトム,479,1,10,ほのお,0.9
1098,ロトム,479,2,1,フェアリー,49.2
1099,ロトム,479,2,2,はがね,17.1
1100,ロトム,479,2,3,でんき,14.5
1101,ロトム,479,2,4,ゴースト,7.7
1102,ロトム,479,2,5,こおり,3.0
1103,ロトム,479,2,6,ほのお,2.7
1104,ロトム,479,2,7,どく,1.4
1105,ロトム,479,2,8,くさ,1.3
1106,ロトム,479,2,9,かくとう,0.8
1107,ロトム,479,2,10,みず,0.8
1108,ロトム,479,3,1,でんき,37.9
1109,ロトム,479,3,2,ゴースト,32.0
1110,ロトム,479,3,3,はがね,6.0
1111,ロトム,479,3,4,フェアリー,4.7
1112,ロトム,479,3,5,ほのお,4.7
1113,ロトム,479,3,6,どく,3.7
1114,ロトム,479,3,7,みず,3.3
1115,ロトム,479,3,8,こおり,2.7
1116,ロトム,479,3,9,かくとう,1.5
1117,ロトム,479,3,10,じめん,1.5
1118,ロトム,479,4,1,でんき,23.8
1119,ロトム,479,4,2,はがね,17.5
1120,ロトム,479,4,3,ゴースト,13.2
1121,ロトム,479,4,4,ひこう,6.9
1122,ロトム,479,4,5,いわ,5.8
1123,ロトム,479,4,6,かくとう,5.8
1124,ロトム,479,4,7,フェアリー,5.8
1125,ロトム,479,4,8,こおり,5.3
1126,ロトム,479,4,9,どく,4.2
1127,ロトム,479,4,10,ほのお,3.7
1128,ロトム,479,5,1,でんき,30.8
1129,ロトム,479,5,2,フェアリー,29.6
1130,ロトム,479,5,3,ゴースト,12.8
1131,ロトム,479,5,4,ほのお,6.2
1132,ロトム,479,5,5,はがね,6.0
1133,ロトム,479,5,6,あく,3.6
1134,ロトム,479,5,7,みず,2.5
1135,ロトム,479,5,8,どく,1.9
1136,ロトム,479,5,9,こおり,1.4
1137,ロトム,479,5,10,いわ,1.3
1138,ドレディア,549,0,1,ほのお,52.4
1139,ドレディア,549,0,2,いわ,16.4
1140,ドレディア,549,0,3,みず,6.5
1141,ドレディア,549,0,4,じめん,5.6
1142,ドレディア,549,0,5,くさ,5.0
1143,ドレディア,549,0,6,ゴースト,3.6
1144,ドレディア,549,0,7,はがね,2.5
1145,ドレディア,549,0,8,フェアリー,1.8
1146,ドレディア,549,0,9,こおり,1.4
1147,ドレディア,549,0,10,でんき,1.4
1148,バスラオ,550,0,1,みず,48.2
1149,バスラオ,550,0,2,いわ,28.3
1150,バスラオ,550,0,3,こおり,6.6
1151,バスラオ,550,0,4,ひこう,6.0
1152,バスラオ,550,0,5,フェアリー,3.6
1153,バスラオ,550,0,6,かくとう,3.0
1154,バスラオ,550,0,7,ほのお,1.8
1155,バスラオ,550,0,8,くさ,1.2
1156,バスラオ,550,0,9,ノーマル,1.2
1157,バスラオ,550,1,1,みず,50.4
1158,バスラオ,550,1,2,ゴースト,24.5
1159,バスラオ,550,1,3,いわ,12.9
1160,バスラオ,550,1,4,ノーマル,5.0
1161,バスラオ,550,1,5,くさ,3.6
1162,バスラオ,550,1,6,どく,2.9
1163,バスラオ,550,1,7,でんき,0.7
1164,メグロコ,551,0,1,じめん,100.0
1165,ワルビアル,553,0,1,どく,27.0
1166,ワルビアル,553,0,2,じめん,22.3
1167,ワルビアル,553,0,3,あく,11.0
1168,ワルビアル,553,0,4,フェアリー,8.1
1169,ワルビアル,553,0,5,ほのお,7.0
1170,ワルビアル,553,0,6,はがね,4.3
1171,ワルビアル,553,0,7,ゴースト,3.7
1172,ワルビアル,553,0,8,ドラゴン,3.6
1173,ワルビアル,553,0,9,くさ,3.1
1174,ワルビアル,553,0,10,でんき,2.8
1175,ゾロア,570,0,1,あく,90.0
1176,ゾロア,570,0,2,ドラゴン,10.0
1177,ゾロアーク,571,0,1,あく,34.5
1178,ゾロアーク,571,0,2,フェアリー,32.4
1179,ゾロアーク,571,0,3,こおり,9.1
1180,ゾロアーク,571,0,4,ほのお,4.1
1181,ゾロアーク,571,0,5,どく,3.5
1182,ゾロアーク,571,0,6,はがね,3.0
1183,ゾロアーク,571,0,7,ゴースト,2.7
1184,ゾロアーク,571,0,8,じめん,2.5
1185,ゾロアーク,571,0,9,かくとう,2.4
1186,ゾロアーク,571,0,10,エスパー,1.9
1187,ゴチミル,575,0,1,フェアリー,41.2
1188,ゴチミル,575,0,2,じめん,41.2
1189,ゴチミル,575,0,3,あく,8.8
1190,ゴチミル,575,0,4,エスパー,2.9
1191,ゴチミル,575,0,5,ゴースト,2.9
1192,ゴチミル,575,0,6,はがね,2.9
1193,ゴチルゼル,576,0,1,ひこう,35.8
1194,ゴチルゼル,576,0,2,フェアリー,27.5
1195,ゴチルゼル,576,0,3,あく,7.1
1196,ゴチルゼル,576,0,4,はがね,6.5
1197,ゴチルゼル,576,0,5,ノーマル,5.5
1198,ゴチルゼル,576,0,6,かくとう,4.4
1199,ゴチルゼル,576,0,7,ほのお,2.8
1200,ゴチルゼル,576,0,8,みず,1.7
1201,ゴチルゼル,576,0,9,エスパー,1.6
1202,ゴチルゼル,576,0,10,どく,1.5
1203,シキジカ,585,0,1,ゴースト,100.0
1204,メブキジカ,586,0,1,ノーマル,47.2
1205,メブキジカ,586,0,2,ほのお,11.4
1206,メブキジカ,586,0,3,ゴースト,11.2
1207,メブキジカ,586,0,4,くさ,9.4
1208,メブキジカ,586,0,5,フェアリー,5.1
1209,メブキジカ,586,0,6,どく,3.8
1210,メブキジカ,586,0,7,いわ,2.8
1211,メブキジカ,586,0,8,じめん,2.3
1212,メブキジカ,586,0,9,かくとう,2.0
1213,メブキジカ,586,0,10,でんき,2.0
1214,タマゲタケ,590,0,1,いわ,100.0
1215,モロバレル,591,0,1,どく,31.8
1216,モロバレル,591,0,2,みず,16.8
1217,モロバレル,591,0,3,ほのお,15.9
1218,モロバレル,591,0,4,あく,7.2
1219,モロバレル,591,0,5,フェアリー,6.2
1220,モロバレル,591,0,6,はがね,3.9
1221,モロバレル,591,0,7,くさ,2.7
1222,モロバレル,591,0,8,ノーマル,2.4
1223,モロバレル,591,0,9,でんき,2.2
1224,モロバレル,591,0,10,ひこう,2.0
1225,ママンボウ,594,0,1,みず,24.9
1226,ママンボウ,594,0,2,フェアリー,21.9
1227,ママンボウ,594,0,3,くさ,15.0
1228,ママンボウ,594,0,4,はがね,8.8
1229,ママンボウ,594,0,5,ドラゴン,6.7
1230,ママンボウ,594,0,6,でんき,3.9
1231,ママンボウ,594,0,7,どく,3.3
1232,ママンボウ,594,0,8,あく,3.2
1233,ママンボウ,594,0,9,ほのお,2.5
1234,ママンボウ,594,0,10,ノーマル,2.4
1235,シビビール,603,0,1,フェアリー,100.0
1236,シビルドン,604,0,1,はがね,30.0
1237,シビルドン,604,0,2,でんき,23.3
1238,シビルドン,604,0,3,こおり,13.5
1239,シビルドン,604,0,4,フェアリー,11.8
1240,シビルドン,604,0,5,かくとう,4.3
1241,シビルドン,604,0,6,ゴースト,3.6
1242,シビルドン,604,0,7,ほのお,3.6
1243,シビルドン,604,0,8,くさ,2.5
1244,シビルドン,604,0,9,どく,2.3
1245,シビルドン,604,0,10,ドラゴン,2.1
1246,キバゴ,610,0,1,ドラゴン,100.0
1247,オノンド,611,0,1,はがね,79.6
1248,オノンド,611,0,2,どく,6.5
1249,オノンド,611,0,3,ドラゴン,3.7
1250,オノンド,611,0,4,みず,2.8
1251,オノンド,611,0,5,かくとう,2.8
1252,オノンド,611,0,6,じめん,1.9
1253,オノンド,611,0,7,でんき,0.9
1254,オノンド,611,0,8,フェアリー,0.9
1255,オノンド,611,0,9,ゴースト,0.9
1256,オノノクス,612,0,1,はがね,64.2
1257,オノノクス,612,0,2,じめん,8.4
1258,オノノクス,612,0,3,ほのお,6.5
1259,オノノクス,612,0,4,でんき,5.3
1260,オノノクス,612,0,5,ドラゴン,4.2
1261,オノノクス,612,0,6,フェアリー,4.2
1262,オノノクス,612,0,7,ゴースト,1.6
1263,オノノクス,612,0,8,むし,1.2
1264,オノノクス,612,0,9,どく,1.2
1265,オノノクス,612,0,10,こおり,0.8
1266,ツンベアー,614,0,1,みず,53.5
1267,ツンベアー,614,0,2,じめん,11.6
1268,ツンベアー,614,0,3,こおり,8.1
1269,ツンベアー,614,0,4,はがね,5.9
1270,ツンベアー,614,0,5,かくとう,5.5
1271,ツンベアー,614,0,6,ゴースト,3.8
1272,ツンベアー,614,0,7,でんき,2.8
1273,ツンベアー,614,0,8,いわ,2.5
1274,ツンベアー,614,0,9,くさ,1.3
1275,ツンベアー,614,0,10,フェアリー,1.2
1276,フリージオ,615,0,1,どく,65.0
1277,フリージオ,615,0,2,でんき,13.5
1278,フリージオ,615,0,3,ほのお,6.6
1279,フリージオ,615,0,4,はがね,2.6
1280,フリージオ,615,0,5,こおり,2.6
1281,フリージオ,615,0,6,ゴースト,2.6
1282,フリージオ,615,0,7,じめん,2.2
1283,フリージオ,615,0,8,みず,1.9
1284,フリージオ,615,0,9,いわ,0.9
1285,フリージオ,615,0,10,フェアリー,0.5
1286,コマタナ,624,0,1,はがね,66.7
1287,コマタナ,624,0,2,あく,33.3
1288,キリキザン,625,0,1,あく,37.6
1289,キリキザン,625,0,2,フェアリー,19.4
1290,キリキザン,625,0,3,ひこう,17.9
1291,キリキザン,625,0,4,ゴースト,6.7
1292,キリキザン,625,0,5,はがね,5.7
1293,キリキザン,625,0,6,みず,4.5
1294,キリキザン,625,0,7,かくとう,1.8
1295,キリキザン,625,0,8,エスパー,1.4
1296,キリキザン,625,0,9,どく,1.3
1297,キリキザン,625,0,10,ドラゴン,1.0
1298,ワシボン,627,0,1,ひこう,90.0
1299,ワシボン,627,0,2,ノーマル,10.0
1300,ウォーグル,628,0,1,ひこう,27.4
1301,ウォーグル,628,0,2,ノーマル,24.6
1302,ウォーグル,628,0,3,はがね,22.3
1303,ウォーグル,628,0,4,じめん,15.3
1304,ウォーグル,628,0,5,かくとう,5.1
1305,ウォーグル,628,0,6,ゴースト,1.5
1306,ウォーグル,628,0,7,いわ,0.8
1307,ウォーグル,628,0,8,あく,0.8
1308,ウォーグル,628,0,9,でんき,0.7
1309,ウォーグル,628,0,10,ほのお,0.4
1310,ジヘッド,634,0,1,はがね,28.6
1311,ジヘッド,634,0,2,ひこう,22.9
1312,ジヘッド,634,0,3,ドラゴン,17.1
1313,ジヘッド,634,0,4,かくとう,8.6
1314,ジヘッド,634,0,5,あく,5.7
1315,ジヘッド,634,0,6,フェアリー,5.7
1316,ジヘッド,634,0,7,ほのお,5.7
1317,ジヘッド,634,0,8,どく,2.9
1318,ジヘッド,634,0,9,でんき,2.9
1319,サザンドラ,635,0,1,はがね,69.0
1320,サザンドラ,635,0,2,どく,13.5
1321,サザンドラ,635,0,3,ほのお,5.0
1322,サザンドラ,635,0,4,フェアリー,3.1
1323,サザンドラ,635,0,5,でんき,2.9
1324,サザンドラ,635,0,6,あく,2.8
1325,サザンドラ,635,0,7,ゴースト,1.3
1326,サザンドラ,635,0,8,ドラゴン,0.8
1327,サザンドラ,635,0,9,みず,0.6
1328,サザンドラ,635,0,10,じめん,0.2
1329,メラルバ,636,0,1,でんき,41.7
1330,メラルバ,636,0,2,むし,41.7
1331,メラルバ,636,0,3,こおり,16.7
1332,ウルガモス,637,0,1,フェアリー,36.8
1333,ウルガモス,637,0,2,くさ,29.4
1334,ウルガモス,637,0,3,みず,8.3
1335,ウルガモス,637,0,4,いわ,8.0
1336,ウルガモス,637,0,5,ほのお,4.7
1337,ウルガモス,637,0,6,はがね,1.7
1338,ウルガモス,637,0,7,むし,1.6
1339,ウルガモス,637,0,8,こおり,1.6
1340,ウルガモス,637,0,9,じめん,1.4
1341,ウルガモス,637,0,10,あく,1.3
1342,ヤヤコマ,661,0,1,ゴースト,50.0
1343,ヤヤコマ,661,0,2,ひこう,50.0
1344,ヒノヤコマ,662,0,1,ノーマル,55.6
1345,ヒノヤコマ,662,0,2,ほのお,22.2
1346,ヒノヤコマ,662,0,3,くさ,22.2
1347,ファイアロー,663,0,1,ひこう,60.4
1348,ファイアロー,663,0,2,くさ,7.8
1349,ファイアロー,663,0,3,ノーマル,6.1
1350,ファイアロー,663,0,4,こおり,3.6
1351,ファイアロー,663,0,5,フェアリー,3.5
1352,ファイアロー,663,0,6,じめん,3.3
1353,ファイアロー,663,0,7,はがね,3.2
1354,ファイアロー,663,0,8,でんき,2.3
1355,ファイアロー,663,0,9,ほのお,2.2
1356,ファイアロー,663,0,10,ゴースト,1.8
1357,ビビヨン,666,18,1,ひこう,48.3
1358,ビビヨン,666,18,2,はがね,25.3
1359,ビビヨン,666,18,3,ゴースト,5.7
1360,ビビヨン,666,18,4,むし,3.8
1361,ビビヨン,666,18,5,じめん,3.7
1362,ビビヨン,666,18,6,フェアリー,3.1
1363,ビビヨン,666,18,7,みず,2.6
1364,ビビヨン,666,18,8,ノーマル,2.5
1365,ビビヨン,666,18,9,ほのお,1.9
1366,ビビヨン,666,18,10,どく,0.6
1367,カエンジシ,668,0,1,ノーマル,31.9
1368,カエンジシ,668,0,2,フェアリー,22.8
1369,カエンジシ,668,0,3,くさ,12.3
1370,カエンジシ,668,0,4,ほのお,8.7
1371,カエンジシ,668,0,5,エスパー,3.9
1372,カエンジシ,668,0,6,みず,3.8
1373,カエンジシ,668,0,7,こおり,3.8
1374,カエンジシ,668,0,8,あく,3.2
1375,カエンジシ,668,0,9,ゴースト,3.2
1376,カエンジシ,668,0,10,ひこう,2.0
1377,フラエッテ,670,0,1,くさ,60.0
1378,フラエッテ,670,0,2,フェアリー,20.0
1379,フラエッテ,670,0,3,はがね,20.0
1380,フラージェス,671,0,1,くさ,47.5
1381,フラージェス,671,0,2,ほのお,25.2
1382,フラージェス,671,0,3,じめん,10.1
1383,フラージェス,671,0,4,はがね,4.4
1384,フラージェス,671,0,5,みず,3.8
1385,フラージェス,671,0,6,フェアリー,3.3
1386,フラージェス,671,0,7,ノーマル,1.3
1387,フラージェス,671,0,8,でんき,0.9
1388,フラージェス,671,0,9,かくとう,0.7
1389,フラージェス,671,0,10,どく,0.7
1390,メェークル,672,0,1,みず,100.0
1391,ゴーゴート,673,0,1,みず,46.3
1392,ゴーゴート,673,0,2,こおり,14.3
1393,ゴーゴート,673,0,3,いわ,11.4
1394,ゴーゴート,673,0,4,フェアリー,5.5
1395,ゴーゴート,673,0,5,じめん,5.1
1396,ゴーゴート,673,0,6,ほのお,3.6
1397,ゴーゴート,673,0,7,でんき,3.6
1398,ゴーゴート,673,0,8,くさ,3.5
1399,ゴーゴート,673,0,9,どく,2.8
1400,ゴーゴート,673,0,10,はがね,1.7
1401,クズモー,690,0,1,みず,100.0
1402,ドラミドロ,691,0,1,みず,51.4
1403,ドラミドロ,691,0,2,ほのお,15.0
1404,ドラミドロ,691,0,3,どく,6.6
1405,ドラミドロ,691,0,4,でんき,4.6
1406,ドラミドロ,691,0,5,フェアリー,3.4
1407,ドラミドロ,691,0,6,はがね,3.2
1408,ドラミドロ,691,0,7,ドラゴン,2.8
1409,ドラミドロ,691,0,8,あく,2.5
1410,ドラミドロ,691,0,9,じめん,2.1
1411,ドラミドロ,691,0,10,かくとう,1.9
1412,ブロスター,693,0,1,あく,30.8
1413,ブロスター,693,0,2,かくとう,22.6
1414,ブロスター,693,0,3,みず,14.2
1415,ブロスター,693,0,4,ドラゴン,14.1
1416,ブロスター,693,0,5,はがね,4.5
1417,ブロスター,693,0,6,ゴースト,2.2
1418,ブロスター,693,0,7,どく,2.2
1419,ブロスター,693,0,8,フェアリー,2.0
1420,ブロスター,693,0,9,こおり,1.7
1421,ブロスター,693,0,10,くさ,1.3
1422,ニンフィア,700,0,1,ほのお,69.0
1423,ニンフィア,700,0,2,じめん,9.2
1424,ニンフィア,700,0,3,みず,7.5
1425,ニンフィア,700,0,4,フェアリー,5.6
1426,ニンフィア,700,0,5,はがね,2.0
1427,ニンフィア,700,0,6,かくとう,1.8
1428,ニンフィア,700,0,7,ノーマル,1.8
1429,ニンフィア,700,0,8,ゴースト,0.9
1430,ニンフィア,700,0,9,でんき,0.6
1431,ニンフィア,700,0,10,くさ,0.3
1432,ルチャブル,701,0,1,ひこう,55.6
1433,ルチャブル,701,0,2,はがね,22.4
1434,ルチャブル,701,0,3,かくとう,7.4
1435,ルチャブル,701,0,4,ゴースト,4.6
1436,ルチャブル,701,0,5,ほのお,3.2
1437,ルチャブル,701,0,6,じめん,2.8
1438,ルチャブル,701,0,7,フェアリー,1.1
1439,ルチャブル,701,0,8,こおり,0.7
1440,ルチャブル,701,0,9,あく,0.5
1441,ルチャブル,701,0,10,ノーマル,0.5
1442,デデンネ,702,0,1,フェアリー,27.4
1443,デデンネ,702,0,2,でんき,14.9
1444,デデンネ,702,0,3,くさ,12.6
1445,デデンネ,702,0,4,ひこう,12.0
1446,デデンネ,702,0,5,みず,10.3
1447,デデンネ,702,0,6,ほのお,8.0
1448,デデンネ,702,0,7,こおり,5.1
1449,デデンネ,702,0,8,ノーマル,5.1
1450,デデンネ,702,0,9,ゴースト,1.7
1451,デデンネ,702,0,10,じめん,1.7
1452,ヌメラ,704,0,1,ゴースト,50.0
1453,ヌメラ,704,0,2,ノーマル,50.0
1454,ヌメイル,705,0,1,どく,32.5
1455,ヌメイル,705,0,2,はがね,25.0
1456,ヌメイル,705,0,3,みず,15.0
1457,ヌメイル,705,0,4,じめん,12.5
1458,ヌメイル,705,0,5,ドラゴン,7.5
1459,ヌメイル,705,0,6,ほのお,5.0
1460,ヌメイル,705,0,7,ゴースト,2.5
1461,ヌメルゴン,706,0,1,はがね,29.0
1462,ヌメルゴン,706,0,2,みず,27.5
1463,ヌメルゴン,706,0,3,どく,19.2
1464,ヌメルゴン,706,0,4,フェアリー,8.2
1465,ヌメルゴン,706,0,5,ほのお,5.5
1466,ヌメルゴン,706,0,6,でんき,2.6
1467,ヌメルゴン,706,0,7,こおり,1.4
1468,ヌメルゴン,706,0,8,じめん,1.3
1469,ヌメルゴン,706,0,9,ドラゴン,1.2
1470,ヌメルゴン,706,0,10,ゴースト,1.1
1471,クレッフィ,707,0,1,フェアリー,55.7
1472,クレッフィ,707,0,2,エスパー,16.6
1473,クレッフィ,707,0,3,じめん,6.2
1474,クレッフィ,707,0,4,みず,5.9
1475,クレッフィ,707,0,5,はがね,4.2
1476,クレッフィ,707,0,6,ノーマル,2.6
1477,クレッフィ,707,0,7,でんき,2.3
1478,クレッフィ,707,0,8,ひこう,2.3
1479,クレッフィ,707,0,9,あく,1.7
1480,クレッフィ,707,0,10,かくとう,0.8
1481,カチコール,712,0,1,こおり,100.0
1482,クレベース,713,0,1,かくとう,55.6
1483,クレベース,713,0,2,みず,11.6
1484,クレベース,713,0,3,ゴースト,8.7
1485,クレベース,713,0,4,じめん,4.1
1486,クレベース,713,0,5,どく,3.0
1487,クレベース,713,0,6,ひこう,2.7
1488,クレベース,713,0,7,フェアリー,2.2
1489,クレベース,713,0,8,ほのお,1.8
1490,クレベース,713,0,9,くさ,1.8
1491,クレベース,713,0,10,ノーマル,1.7
1492,オンバット,714,0,1,ひこう,100.0
1493,オンバーン,715,0,1,ノーマル,70.8
1494,オンバーン,715,0,2,ほのお,11.5
1495,オンバーン,715,0,3,ひこう,5.4
1496,オンバーン,715,0,4,はがね,4.6
1497,オンバーン,715,0,5,ドラゴン,2.8
1498,オンバーン,715,0,6,フェアリー,1.6
1499,オンバーン,715,0,7,みず,0.7
1500,オンバーン,715,0,8,かくとう,0.5
1501,オンバーン,715,0,9,こおり,0.5
1502,オンバーン,715,0,10,ゴースト,0.5
1503,デカグース,735,0,1,ノーマル,44.0
1504,デカグース,735,0,2,ゴースト,17.9
1505,デカグース,735,0,3,エスパー,16.4
1506,デカグース,735,0,4,フェアリー,7.5
1507,デカグース,735,0,5,あく,5.2
1508,デカグース,735,0,6,じめん,3.0
1509,デカグース,735,0,7,みず,1.5
1510,デカグース,735,0,8,ひこう,1.5
1511,デカグース,735,0,9,かくとう,0.7
1512,デカグース,735,0,10,でんき,0.7
1513,マケンカニ,739,0,1,かくとう,100.0
1514,ケケンカニ,740,0,1,かくとう,24.5
1515,ケケンカニ,740,0,2,みず,20.6
1516,ケケンカニ,740,0,3,でんき,20.4
1517,ケケンカニ,740,0,4,こおり,8.5
1518,ケケンカニ,740,0,5,ゴースト,7.6
1519,ケケンカニ,740,0,6,ほのお,5.9
1520,ケケンカニ,740,0,7,じめん,4.9
1521,ケケンカニ,740,0,8,はがね,3.1
1522,ケケンカニ,740,0,9,どく,2.7
1523,ケケンカニ,740,0,10,あく,0.5
1524,オドリドリ,741,0,1,フェアリー,32.9
1525,オドリドリ,741,0,2,くさ,14.4
1526,オドリドリ,741,0,3,ひこう,11.0
1527,オドリドリ,741,0,4,じめん,6.7
1528,オドリドリ,741,0,5,こおり,5.9
1529,オドリドリ,741,0,6,ゴースト,5.7
1530,オドリドリ,741,0,7,ほのお,5.0
1531,オドリドリ,741,0,8,みず,4.1
1532,オドリドリ,741,0,9,かくとう,4.1
1533,オドリドリ,741,0,10,はがね,3.7
1534,オドリドリ,741,1,1,フェアリー,37.9
1535,オドリドリ,741,1,2,ひこう,10.9
1536,オドリドリ,741,1,3,こおり,9.1
1537,オドリドリ,741,1,4,ほのお,8.0
1538,オドリドリ,741,1,5,かくとう,6.9
1539,オドリドリ,741,1,6,はがね,6.7
1540,オドリドリ,741,1,7,ゴースト,6.4
1541,オドリドリ,741,1,8,あく,4.5
1542,オドリドリ,741,1,9,みず,3.0
1543,オドリドリ,741,1,10,じめん,2.2
1544,オドリドリ,741,2,1,ほのお,53.3
1545,オドリドリ,741,2,2,かくとう,30.7
1546,オドリドリ,741,2,3,ひこう,8.0
1547,オドリドリ,741,2,4,ノーマル,4.0
1548,オドリドリ,741,2,5,フェアリー,2.7
1549,オドリドリ,741,2,6,エスパー,1.3
1550,オドリドリ,741,3,1,ほのお,27.6
1551,オドリドリ,741,3,2,フェアリー,27.1
1552,オドリドリ,741,3,3,かくとう,11.4
1553,オドリドリ,741,3,4,ひこう,8.8
1554,オドリドリ,741,3,5,ノーマル,5.0
1555,オドリドリ,741,3,6,じめん,4.2
1556,オドリドリ,741,3,7,あく,4.2
1557,オドリドリ,741,3,8,こおり,3.5
1558,オドリドリ,741,3,9,でんき,2.6
1559,オドリドリ,741,3,10,はがね,1.5
1560,ルガルガン,745,0,1,いわ,59.8
1561,ルガルガン,745,0,2,フェアリー,14.1
1562,ルガルガン,745,0,3,ひこう,9.9
1563,ルガルガン,745,0,4,ゴースト,8.3
1564,ルガルガン,745,0,5,かくとう,3.0
1565,ルガルガン,745,0,6,あく,2.0
1566,ルガルガン,745,0,7,くさ,0.7
1567,ルガルガン,745,0,8,じめん,0.7
1568,ルガルガン,745,0,9,エスパー,0.5
1569,ルガルガン,745,0,10,はがね,0.4
1570,ルガルガン,745,1,1,いわ,53.4
1571,ルガルガン,745,1,2,ゴースト,17.2
1572,ルガルガン,745,1,3,くさ,10.9
1573,ルガルガン,745,1,4,ドラゴン,3.4
1574,ルガルガン,745,1,5,こおり,2.9
1575,ルガルガン,745,1,6,かくとう,2.9
1576,ルガルガン,745,1,7,フェアリー,2.9
1577,ルガルガン,745,1,8,むし,2.9
1578,ルガルガン,745,1,9,ひこう,1.7
1579,ルガルガン,745,1,10,エスパー,1.1
1580,ルガルガン,745,2,1,いわ,46.3
1581,ルガルガン,745,2,2,フェアリー,17.6
1582,ルガルガン,745,2,3,かくとう,15.0
1583,ルガルガン,745,2,4,ゴースト,3.3
1584,ルガルガン,745,2,5,あく,3.3
1585,ルガルガン,745,2,6,エスパー,2.5
1586,ルガルガン,745,2,7,じめん,2.2
1587,ルガルガン,745,2,8,はがね,1.8
1588,ルガルガン,745,2,9,こおり,1.7
1589,ルガルガン,745,2,10,くさ,1.5
1590,ドヒドイデ,748,0,1,フェアリー,26.2
1591,ドヒドイデ,748,0,2,くさ,15.2
1592,ドヒドイデ,748,0,3,どく,13.9
1593,ドヒドイデ,748,0,4,ノーマル,9.8
1594,ドヒドイデ,748,0,5,みず,8.2
1595,ドヒドイデ,748,0,6,ひこう,7.4
1596,ドヒドイデ,748,0,7,じめん,4.3
1597,ドヒドイデ,748,0,8,むし,3.6
1598,ドヒドイデ,748,0,9,あく,2.3
1599,ドヒドイデ,748,0,10,ゴースト,2.1
1600,ドロバンコ,749,0,1,じめん,100.0
1601,バンバドロ,750,0,1,はがね,48.7
1602,バンバドロ,750,0,2,かくとう,13.9
1603,バンバドロ,750,0,3,くさ,7.6
1604,バンバドロ,750,0,4,じめん,7.6
1605,バンバドロ,750,0,5,フェアリー,3.6
1606,バンバドロ,750,0,6,こおり,2.8
1607,バンバドロ,750,0,7,みず,2.8
1608,バンバドロ,750,0,8,どく,2.7
1609,バンバドロ,750,0,9,ノーマル,2.3
1610,バンバドロ,750,0,10,ほのお,1.8
1611,カリキリ,753,0,1,くさ,100.0
1612,ラランテス,754,0,1,みず,37.0
1613,ラランテス,754,0,2,ほのお,17.3
1614,ラランテス,754,0,3,くさ,16.8
1615,ラランテス,754,0,4,いわ,13.4
1616,ラランテス,754,0,5,フェアリー,4.1
1617,ラランテス,754,0,6,かくとう,3.8
1618,ラランテス,754,0,7,でんき,2.3
1619,ラランテス,754,0,8,ゴースト,1.4
1620,ラランテス,754,0,9,じめん,1.3
1621,ラランテス,754,0,10,こおり,0.8
1622,ヤトウモリ,757,0,1,ほのお,50.0
1623,ヤトウモリ,757,0,2,くさ,50.0
1624,エンニュート,758,0,1,ほのお,25.3
1625,エンニュート,758,0,2,ひこう,18.7
1626,エンニュート,758,0,3,どく,14.6
1627,エンニュート,758,0,4,こおり,10.4
1628,エンニュート,758,0,5,ドラゴン,7.1
1629,エンニュート,758,0,6,フェアリー,7.0
1630,エンニュート,758,0,7,くさ,6.4
1631,エンニュート,758,0,8,ゴースト,3.0
1632,エンニュート,758,0,9,じめん,2.5
1633,エンニュート,758,0,10,みず,2.1
1634,アママイコ,762,0,1,ほのお,100.0
1635,アマージョ,763,0,1,フェアリー,25.5
1636,アマージョ,763,0,2,ほのお,15.8
1637,アマージョ,763,0,3,いわ,15.6
1638,アマージョ,763,0,4,あく,7.0
1639,アマージョ,763,0,5,かくとう,6.6
1640,アマージョ,763,0,6,こおり,5.5
1641,アマージョ,763,0,7,みず,5.0
1642,アマージョ,763,0,8,くさ,4.9
1643,アマージョ,763,0,9,じめん,3.0
1644,アマージョ,763,0,10,エスパー,2.3
1645,ヤレユータン,765,0,1,ゴースト,27.1
1646,ヤレユータン,765,0,2,ノーマル,25.4
1647,ヤレユータン,765,0,3,フェアリー,22.0
1648,ヤレユータン,765,0,4,エスパー,14.4
1649,ヤレユータン,765,0,5,どく,5.1
1650,ヤレユータン,765,0,6,ドラゴン,2.5
1651,ヤレユータン,765,0,7,かくとう,1.7
1652,ヤレユータン,765,0,8,あく,0.8
1653,ヤレユータン,765,0,9,でんき,0.8
1654,ナゲツケサル,766,0,1,はがね,50.9
1655,ナゲツケサル,766,0,2,かくとう,13.9
1656,ナゲツケサル,766,0,3,あく,8.6
1657,ナゲツケサル,766,0,4,どく,5.6
1658,ナゲツケサル,766,0,5,じめん,5.2
1659,ナゲツケサル,766,0,6,ゴースト,4.1
1660,ナゲツケサル,766,0,7,エスパー,2.2
1661,ナゲツケサル,766,0,8,ほのお,2.2
1662,ナゲツケサル,766,0,9,ひこう,1.9
1663,ナゲツケサル,766,0,10,こおり,1.5
1664,シロデスナ,770,0,1,くさ,52.0
1665,シロデスナ,770,0,2,じめん,9.9
1666,シロデスナ,770,0,3,ノーマル,7.4
1667,シロデスナ,770,0,4,みず,7.2
1668,シロデスナ,770,0,5,どく,5.0
1669,シロデスナ,770,0,6,ゴースト,4.8
1670,シロデスナ,770,0,7,はがね,3.7
1671,シロデスナ,770,0,8,フェアリー,2.1
1672,シロデスナ,770,0,9,ひこう,1.6
1673,シロデスナ,770,0,10,むし,1.3
1674,ネッコアラ,775,0,1,フェアリー,24.0
1675,ネッコアラ,775,0,2,じめん,22.9
1676,ネッコアラ,775,0,3,ゴースト,17.6
1677,ネッコアラ,775,0,4,ひこう,9.9
1678,ネッコアラ,775,0,5,ノーマル,6.7
1679,ネッコアラ,775,0,6,どく,6.1
1680,ネッコアラ,775,0,7,あく,5.7
1681,ネッコアラ,775,0,8,ほのお,2.4
1682,ネッコアラ,775,0,9,こおり,1.4
1683,ネッコアラ,775,0,10,くさ,1.1
1684,ミミッキュ,778,0,1,ゴースト,37.3
1685,ミミッキュ,778,0,2,フェアリー,26.1
1686,ミミッキュ,778,0,3,かくとう,17.1
1687,ミミッキュ,778,0,4,ノーマル,8.0
1688,ミミッキュ,778,0,5,ほのお,5.0
1689,ミミッキュ,778,0,6,はがね,2.1
1690,ミミッキュ,778,0,7,くさ,0.9
1691,ミミッキュ,778,0,8,あく,0.5
1692,ミミッキュ,778,0,9,ひこう,0.5
1693,ミミッキュ,778,0,10,みず,0.5
1694,ハギギシリ,779,0,1,エスパー,40.1
1695,ハギギシリ,779,0,2,みず,21.8
1696,ハギギシリ,779,0,3,あく,18.0
1697,ハギギシリ,779,0,4,こおり,4.8
1698,ハギギシリ,779,0,5,ノーマル,4.4
1699,ハギギシリ,779,0,6,かくとう,3.4
1700,ハギギシリ,779,0,7,ほのお,2.6
1701,ハギギシリ,779,0,8,どく,1.6
1702,ハギギシリ,779,0,9,フェアリー,1.0
1703,ハギギシリ,779,0,10,はがね,0.8
1704,ヨクバリス,820,0,1,ゴースト,27.3
1705,ヨクバリス,820,0,2,ノーマル,20.3
1706,ヨクバリス,820,0,3,じめん,12.6
1707,ヨクバリス,820,0,4,かくとう,12.1
1708,ヨクバリス,820,0,5,フェアリー,9.0
1709,ヨクバリス,820,0,6,くさ,5.7
1710,ヨクバリス,820,0,7,どく,3.3
1711,ヨクバリス,820,0,8,でんき,1.9
1712,ヨクバリス,820,0,9,ひこう,1.6
1713,ヨクバリス,820,0,10,ほのお,1.2
1714,アーマーガア,823,0,1,かくとう,32.6
1715,アーマーガア,823,0,2,ドラゴン,20.2
1716,アーマーガア,823,0,3,ひこう,17.6
1717,アーマーガア,823,0,4,あく,7.1
1718,アーマーガア,823,0,5,みず,4.8
1719,アーマーガア,823,0,6,じめん,3.3
1720,アーマーガア,823,0,7,フェアリー,2.7
1721,アーマーガア,823,0,8,ノーマル,2.3
1722,アーマーガア,823,0,9,ほのお,2.2
1723,アーマーガア,823,0,10,はがね,2.2
1724,カジリガメ,834,0,1,みず,40.6
1725,カジリガメ,834,0,2,いわ,16.7
1726,カジリガメ,834,0,3,くさ,10.5
1727,カジリガメ,834,0,4,こおり,7.0
1728,カジリガメ,834,0,5,あく,6.5
1729,カジリガメ,834,0,6,じめん,4.4
1730,カジリガメ,834,0,7,むし,4.0
1731,カジリガメ,834,0,8,ほのお,3.4
1732,カジリガメ,834,0,9,ゴースト,2.7
1733,カジリガメ,834,0,10,ひこう,2.6
1734,トロッゴン,838,0,1,かくとう,64.3
1735,トロッゴン,838,0,2,みず,19.0
1736,トロッゴン,838,0,3,ドラゴン,4.8
1737,トロッゴン,838,0,4,くさ,4.8
1738,トロッゴン,838,0,5,ひこう,2.4
1739,トロッゴン,838,0,6,ほのお,2.4
1740,トロッゴン,838,0,7,ノーマル,2.4
1741,セキタンザン,839,0,1,くさ,52.7
1742,セキタンザン,839,0,2,みず,10.5
1743,セキタンザン,839,0,3,はがね,5.2
1744,セキタンザン,839,0,4,いわ,4.2
1745,セキタンザン,839,0,5,ドラゴン,3.6
1746,セキタンザン,839,0,6,ひこう,3.5
1747,セキタンザン,839,0,7,フェアリー,3.3
1748,セキタンザン,839,0,8,かくとう,3.0
1749,セキタンザン,839,0,9,ノーマル,2.9
1750,セキタンザン,839,0,10,むし,2.8
1751,アップリュー,841,0,1,はがね,33.3
1752,アップリュー,841,0,2,ほのお,24.2
1753,アップリュー,841,0,3,くさ,14.6
1754,アップリュー,841,0,4,じめん,6.8
1755,アップリュー,841,0,5,ドラゴン,6.1
1756,アップリュー,841,0,6,どく,3.5
1757,アップリュー,841,0,7,あく,2.6
1758,アップリュー,841,0,8,フェアリー,2.1
1759,アップリュー,841,0,9,いわ,1.4
1760,アップリュー,841,0,10,むし,1.4
1761,タルップル,842,0,1,くさ,31.9
1762,タルップル,842,0,2,はがね,30.2
1763,タルップル,842,0,3,フェアリー,10.6
1764,タルップル,842,0,4,どく,4.6
1765,タルップル,842,0,5,ほのお,4.1
1766,タルップル,842,0,6,ノーマル,3.5
1767,タルップル,842,0,7,ゴースト,3.3
1768,タルップル,842,0,8,みず,2.7
1769,タルップル,842,0,9,ひこう,1.4
1770,タルップル,842,0,10,ドラゴン,1.4
1771,サダイジャ,844,0,1,はがね,22.7
1772,サダイジャ,844,0,2,じめん,14.7
1773,サダイジャ,844,0,3,くさ,10.9
1774,サダイジャ,844,0,4,ノーマル,8.9
1775,サダイジャ,844,0,5,ドラゴン,6.8
1776,サダイジャ,844,0,6,みず,6.6
1777,サダイジャ,844,0,7,でんき,4.2
1778,サダイジャ,844,0,8,どく,3.6
1779,サダイジャ,844,0,9,かくとう,3.6
1780,サダイジャ,844,0,10,ひこう,3.4
1781,カマスジョー,847,0,1,みず,81.4
1782,カマスジョー,847,0,2,くさ,3.4
1783,カマスジョー,847,0,3,かくとう,2.8
1784,カマスジョー,847,0,4,こおり,2.7
1785,カマスジョー,847,0,5,フェアリー,1.8
1786,カマスジョー,847,0,6,でんき,1.3
1787,カマスジョー,847,0,7,どく,1.2
1788,カマスジョー,847,0,8,はがね,1.1
1789,カマスジョー,847,0,9,じめん,1.0
1790,カマスジョー,847,0,10,ゴースト,1.0
1791,ストリンダー,849,0,1,ノーマル,90.6
1792,ストリンダー,849,0,2,でんき,4.0
1793,ストリンダー,849,0,3,ひこう,1.1
1794,ストリンダー,849,0,4,くさ,0.9
1795,ストリンダー,849,0,5,あく,0.7
1796,ストリンダー,849,0,6,ゴースト,0.6
1797,ストリンダー,849,0,7,こおり,0.5
1798,ストリンダー,849,0,8,どく,0.4
1799,ストリンダー,849,0,9,はがね,0.3
1800,ストリンダー,849,0,10,じめん,0.3
1801,ストリンダー,849,1,1,ノーマル,90.8
1802,ストリンダー,849,1,2,でんき,3.3
1803,ストリンダー,849,1,3,あく,1.3
1804,ストリンダー,849,1,4,ひこう,1.0
1805,ストリンダー,849,1,5,フェアリー,1.0
1806,ストリンダー,849,1,6,どく,0.7
1807,ストリンダー,849,1,7,ゴースト,0.5
1808,ストリンダー,849,1,8,くさ,0.5
1809,ストリンダー,849,1,9,こおり,0.4
1810,ストリンダー,849,1,10,ほのお,0.3
1811,ヤバチャ,854,0,1,ゴースト,100.0
1812,ポットデス,855,0,1,かくとう,58.0
1813,ポットデス,855,0,2,ノーマル,19.8
1814,ポットデス,855,0,3,フェアリー,6.0
1815,ポットデス,855,0,4,ゴースト,3.2
1816,ポットデス,855,0,5,あく,3.0
1817,ポットデス,855,0,6,はがね,2.9
1818,ポットデス,855,0,7,エスパー,1.8
1819,ポットデス,855,0,8,くさ,1.1
1820,ポットデス,855,0,9,ほのお,1.0
1821,ポットデス,855,0,10,でんき,0.8
1822,テブリム,857,0,1,ノーマル,36.5
1823,テブリム,857,0,2,フェアリー,17.3
1824,テブリム,857,0,3,あく,10.6
1825,テブリム,857,0,4,くさ,8.7
1826,テブリム,857,0,5,かくとう,6.7
1827,テブリム,857,0,6,みず,5.8
1828,テブリム,857,0,7,いわ,3.8
1829,テブリム,857,0,8,エスパー,3.8
1830,テブリム,857,0,9,ほのお,2.9
1831,テブリム,857,0,10,むし,2.9
1832,ブリムオン,858,0,1,ほのお,44.7
1833,ブリムオン,858,0,2,はがね,13.4
1834,ブリムオン,858,0,3,エスパー,10.9
1835,ブリムオン,858,0,4,ノーマル,8.2
1836,ブリムオン,858,0,5,あく,4.1
1837,ブリムオン,858,0,6,フェアリー,3.0
1838,ブリムオン,858,0,7,くさ,2.8
1839,ブリムオン,858,0,8,みず,2.6
1840,ブリムオン,858,0,9,じめん,2.5
1841,ブリムオン,858,0,10,かくとう,2.3
1842,ギモー,860,0,1,はがね,100.0
1843,オーロンゲ,861,0,1,あく,22.8
1844,オーロンゲ,861,0,2,フェアリー,22.6
1845,オーロンゲ,861,0,3,はがね,17.1
1846,オーロンゲ,861,0,4,ほのお,15.5
1847,オーロンゲ,861,0,5,かくとう,6.2
1848,オーロンゲ,861,0,6,どく,5.0
1849,オーロンゲ,861,0,7,ゴースト,2.1
1850,オーロンゲ,861,0,8,でんき,1.6
1851,オーロンゲ,861,0,9,じめん,1.5
1852,オーロンゲ,861,0,10,くさ,1.3
1853,タイレーツ,870,0,1,ゴースト,40.2
1854,タイレーツ,870,0,2,はがね,36.8
1855,タイレーツ,870,0,3,かくとう,7.8
1856,タイレーツ,870,0,4,むし,3.4
1857,タイレーツ,870,0,5,でんき,3.0
1858,タイレーツ,870,0,6,あく,3.0
1859,タイレーツ,870,0,7,いわ,2.0
1860,タイレーツ,870,0,8,ほのお,1.0
1861,タイレーツ,870,0,9,フェアリー,0.7
1862,タイレーツ,870,0,10,みず,0.7
1863,バチンウニ,871,0,1,ゴースト,23.6
1864,バチンウニ,871,0,2,こおり,18.2
1865,バチンウニ,871,0,3,でんき,17.6
1866,バチンウニ,871,0,4,ひこう,11.3
1867,バチンウニ,871,0,5,フェアリー,7.0
1868,バチンウニ,871,0,6,みず,6.3
1869,バチンウニ,871,0,7,あく,3.9
1870,バチンウニ,871,0,8,くさ,3.4
1871,バチンウニ,871,0,9,はがね,1.7
1872,バチンウニ,871,0,10,ドラゴン,1.5
1873,モスノウ,873,0,1,みず,63.8
1874,モスノウ,873,0,2,じめん,15.8
1875,モスノウ,873,0,3,ほのお,6.3
1876,モスノウ,873,0,4,でんき,2.5
1877,モスノウ,873,0,5,ゴースト,1.8
1878,モスノウ,873,0,6,いわ,1.6
1879,モスノウ,873,0,7,あく,1.3
1880,モスノウ,873,0,8,こおり,1.1
1881,モスノウ,873,0,9,かくとう,0.8
1882,モスノウ,873,0,10,どく,0.8
1883,イシヘンジン,874,0,1,ひこう,26.8
1884,イシヘンジン,874,0,2,いわ,22.8
1885,イシヘンジン,874,0,3,ゴースト,14.2
1886,イシヘンジン,874,0,4,でんき,10.2
1887,イシヘンジン,874,0,5,みず,8.7
1888,イシヘンジン,874,0,6,かくとう,8.7
1889,イシヘンジン,874,0,7,じめん,3.9
1890,イシヘンジン,874,0,8,フェアリー,2.4
1891,イシヘンジン,874,0,9,ほのお,0.8
1892,イシヘンジン,874,0,10,くさ,0.8
1893,コオリッポ,875,0,1,ほのお,31.5
1894,コオリッポ,875,0,2,こおり,18.5
1895,コオリッポ,875,0,3,みず,15.4
1896,コオリッポ,875,0,4,ゴースト,8.9
1897,コオリッポ,875,0,5,かくとう,6.5
1898,コオリッポ,875,0,6,じめん,5.8
1899,コオリッポ,875,0,7,いわ,4.8
1900,コオリッポ,875,0,8,フェアリー,2.9
1901,コオリッポ,875,0,9,でんき,2.2
1902,コオリッポ,875,0,10,ひこう,1.1
1903,イエッサン,876,0,1,エスパー,37.5
1904,イエッサン,876,0,2,かくとう,22.4
1905,イエッサン,876,0,3,フェアリー,13.1
1906,イエッサン,876,0,4,ほのお,10.2
1907,イエッサン,876,0,5,ノーマル,4.5
1908,イエッサン,876,0,6,あく,4.2
1909,イエッサン,876,0,7,ゴースト,1.6
1910,イエッサン,876,0,8,はがね,1.5
1911,イエッサン,876,0,9,こおり,1.3
1912,イエッサン,876,0,10,じめん,1.2
1913,イエッサン,876,1,1,フェアリー,24.5
1914,イエッサン,876,1,2,エスパー,24.0
1915,イエッサン,876,1,3,かくとう,14.1
1916,イエッサン,876,1,4,はがね,6.1
1917,イエッサン,876,1,5,ほのお,6.1
1918,イエッサン,876,1,6,ノーマル,5.6
1919,イエッサン,876,1,7,ドラゴン,3.1
1920,イエッサン,876,1,8,くさ,2.9
1921,イエッサン,876,1,9,あく,2.8
1922,イエッサン,876,1,10,ゴースト,2.6
1923,ゾウドウ,878,0,1,はがね,100.0
1924,ダイオウドウ,879,0,1,フェアリー,35.2
1925,ダイオウドウ,879,0,2,はがね,20.0
1926,ダイオウドウ,879,0,3,ひこう,17.3
1927,ダイオウドウ,879,0,4,じめん,10.6
1928,ダイオウドウ,879,0,5,みず,4.8
1929,ダイオウドウ,879,0,6,ほのお,4.6
1930,ダイオウドウ,879,0,7,ゴースト,3.1
1931,ダイオウドウ,879,0,8,エスパー,1.0
1932,ダイオウドウ,879,0,9,ドラゴン,0.9
1933,ダイオウドウ,879,0,10,でんき,0.8
1934,ドラメシヤ,885,0,1,フェアリー,100.0
1935,ドロンチ,886,0,1,はがね,75.0
1936,ドロンチ,886,0,2,ゴースト,25.0
1937,ドラパルト,887,0,1,ドラゴン,22.4
1938,ドラパルト,887,0,2,ほのお,21.9
1939,ドラパルト,887,0,3,ゴースト,20.1
1940,ドラパルト,887,0,4,はがね,17.0
1941,ドラパルト,887,0,5,フェアリー,6.5
1942,ドラパルト,887,0,6,かくとう,2.7
1943,ドラパルト,887,0,7,ノーマル,2.7
1944,ドラパルト,887,0,8,でんき,1.8
1945,ドラパルト,887,0,9,みず,1.3
1946,ドラパルト,887,0,10,どく,1.1
1947,ニャオハ,906,0,1,くさ,66.7
1948,ニャオハ,906,0,2,はがね,33.3
1949,ニャローテ,907,0,1,くさ,64.3
1950,ニャローテ,907,0,2,でんき,14.3
1951,ニャローテ,907,0,3,はがね,14.3
1952,ニャローテ,907,0,4,みず,7.1
1953,マスカーニャ,908,0,1,くさ,68.6
1954,マスカーニャ,908,0,2,あく,12.2
1955,マスカーニャ,908,0,3,ほのお,4.2
1956,マスカーニャ,908,0,4,こおり,3.6
1957,マスカーニャ,908,0,5,フェアリー,3.2
1958,マスカーニャ,908,0,6,はがね,2.3
1959,マスカーニャ,908,0,7,ゴースト,1.8
1960,マスカーニャ,908,0,8,どく,1.1
1961,マスカーニャ,908,0,9,いわ,1.1
1962,マスカーニャ,908,0,10,みず,0.7
1963,ホゲータ,909,0,1,くさ,60.0
1964,ホゲータ,909,0,2,ほのお,25.0
1965,ホゲータ,909,0,3,フェアリー,10.0
1966,ホゲータ,909,0,4,ひこう,5.0
1967,アチゲータ,910,0,1,みず,30.5
1968,アチゲータ,910,0,2,くさ,29.5
1969,アチゲータ,910,0,3,ノーマル,10.6
1970,アチゲータ,910,0,4,ひこう,9.4
1971,アチゲータ,910,0,5,ほのお,9.0
1972,アチゲータ,910,0,6,ゴースト,3.1
1973,アチゲータ,910,0,7,ドラゴン,2.9
1974,アチゲータ,910,0,8,フェアリー,2.4
1975,アチゲータ,910,0,9,あく,1.0
1976,アチゲータ,910,0,10,どく,0.9
1977,ラウドボーン,911,0,1,フェアリー,35.9
1978,ラウドボーン,911,0,2,ノーマル,26.0
1979,ラウドボーン,911,0,3,ほのお,17.9
1980,ラウドボーン,911,0,4,みず,9.2
1981,ラウドボーン,911,0,5,くさ,4.4
1982,ラウドボーン,911,0,6,あく,2.6
1983,ラウドボーン,911,0,7,ひこう,2.0
1984,ラウドボーン,911,0,8,かくとう,0.6
1985,ラウドボーン,911,0,9,じめん,0.3
1986,ラウドボーン,911,0,10,ドラゴン,0.2
1987,ウェルカモ,913,0,1,みず,100.0
1988,ウェーニバル,914,0,1,みず,65.3
1989,ウェーニバル,914,0,2,はがね,8.8
1990,ウェーニバル,914,0,3,でんき,8.5
1991,ウェーニバル,914,0,4,ひこう,3.3
1992,ウェーニバル,914,0,5,ゴースト,2.9
1993,ウェーニバル,914,0,6,くさ,2.8
1994,ウェーニバル,914,0,7,こおり,1.9
1995,ウェーニバル,914,0,8,フェアリー,1.8
1996,ウェーニバル,914,0,9,ほのお,1.3
1997,ウェーニバル,914,0,10,どく,1.2
1998,グルトン,915,0,1,フェアリー,85.7
1999,グルトン,915,0,2,ひこう,14.3
2000,パフュートン,916,0,1,フェアリー,31.0
2001,パフュートン,916,0,2,どく,21.6
2002,パフュートン,916,0,3,ノーマル,19.2
2003,パフュートン,916,0,4,かくとう,13.1
2004,パフュートン,916,0,5,じめん,6.1
2005,パフュートン,916,0,6,はがね,2.3
2006,パフュートン,916,0,7,ひこう,1.9
2007,パフュートン,916,0,8,ゴースト,1.4
2008,パフュートン,916,0,9,でんき,0.9
2009,パフュートン,916,0,10,ほのお,0.9
2010,パフュートン,916,1,1,ゴースト,29.7
2011,パフュートン,916,1,2,ドラゴン,28.4
2012,パフュートン,916,1,3,かくとう,9.5
2013,パフュートン,916,1,4,ノーマル,8.1
2014,パフュートン,916,1,5,じめん,6.8
2015,パフュートン,916,1,6,くさ,5.4
2016,パフュートン,916,1,7,フェアリー,4.1
2017,パフュートン,916,1,8,どく,4.1
2018,パフュートン,916,1,9,いわ,2.7
2019,タマンチュラ,917,0,1,むし,100.0
2020,ワナイダー,918,0,1,むし,27.8
2021,ワナイダー,918,0,2,いわ,22.5
2022,ワナイダー,918,0,3,あく,13.9
2023,ワナイダー,918,0,4,みず,8.6
2024,ワナイダー,918,0,5,ほのお,5.3
2025,ワナイダー,918,0,6,はがね,5.3
2026,ワナイダー,918,0,7,ドラゴン,4.6
2027,ワナイダー,918,0,8,どく,3.3
2028,ワナイダー,918,0,9,ゴースト,3.3
2029,ワナイダー,918,0,10,フェアリー,2.0
2030,エクスレッグ,920,0,1,むし,90.0
2031,エクスレッグ,920,0,2,あく,8.0
2032,エクスレッグ,920,0,3,かくとう,0.6
2033,エクスレッグ,920,0,4,みず,0.5
2034,エクスレッグ,920,0,5,はがね,0.3
2035,エクスレッグ,920,0,6,ほのお,0.2
2036,エクスレッグ,920,0,7,エスパー,0.1
2037,エクスレッグ,920,0,8,でんき,0.1
2038,エクスレッグ,920,0,9,じめん,0.1
2039,エクスレッグ,920,0,10,フェアリー,0.0
2040,パーモット,923,0,1,でんき,90.1
2041,パーモット,923,0,2,かくとう,2.9
2042,パーモット,923,0,3,こおり,1.4
2043,パーモット,923,0,4,ひこう,1.3
2044,パーモット,923,0,5,フェアリー,1.2
2045,パーモット,923,0,6,ゴースト,1.1
2046,パーモット,923,0,7,はがね,1.0
2047,パーモット,923,0,8,くさ,0.3
2048,パーモット,923,0,9,ほのお,0.2
2049,パーモット,923,0,10,みず,0.1
2050,ワッカネズミ,924,0,1,はがね,50.0
2051,ワッカネズミ,924,0,2,ノーマル,50.0
2052,イッカネズミ,925,0,1,ノーマル,64.7
2053,イッカネズミ,925,0,2,ゴースト,20.8
2054,イッカネズミ,925,0,3,あく,5.0
2055,イッカネズミ,925,0,4,フェアリー,2.6
2056,イッカネズミ,925,0,5,ほのお,1.3
2057,イッカネズミ,925,0,6,くさ,1.1
2058,イッカネズミ,925,0,7,ひこう,0.8
2059,イッカネズミ,925,0,8,はがね,0.8
2060,イッカネズミ,925,0,9,どく,0.7
2061,イッカネズミ,925,0,10,かくとう,0.5
2062,パピモッチ,926,0,1,じめん,100.0
2063,バウッツェル,927,0,1,はがね,54.6
2064,バウッツェル,927,0,2,フェアリー,10.2
2065,バウッツェル,927,0,3,かくとう,8.5
2066,バウッツェル,927,0,4,じめん,8.2
2067,バウッツェル,927,0,5,くさ,5.2
2068,バウッツェル,927,0,6,ノーマル,4.5
2069,バウッツェル,927,0,7,ほのお,2.1
2070,バウッツェル,927,0,8,いわ,1.5
2071,バウッツェル,927,0,9,みず,1.1
2072,バウッツェル,927,0,10,こおり,0.9
2073,オリーニョ,929,0,1,ひこう,50.0
2074,オリーニョ,929,0,2,ほのお,33.3
2075,オリーニョ,929,0,3,ノーマル,16.7
2076,オリーヴァ,930,0,1,ほのお,29.9
2077,オリーヴァ,930,0,2,どく,22.5
2078,オリーヴァ,930,0,3,フェアリー,14.2
2079,オリーヴァ,930,0,4,みず,8.1
2080,オリーヴァ,930,0,5,ゴースト,6.2
2081,オリーヴァ,930,0,6,ノーマル,5.3
2082,オリーヴァ,930,0,7,でんき,4.5
2083,オリーヴァ,930,0,8,くさ,2.8
2084,オリーヴァ,930,0,9,いわ,1.4
2085,オリーヴァ,930,0,10,じめん,1.2
2086,イキリンコ,931,0,1,ひこう,58.9
2087,イキリンコ,931,0,2,ノーマル,33.2
2088,イキリンコ,931,0,3,じめん,5.1
2089,イキリンコ,931,0,4,ほのお,0.8
2090,イキリンコ,931,0,5,いわ,0.8
2091,イキリンコ,931,0,6,どく,0.4
2092,イキリンコ,931,0,7,あく,0.4
2093,イキリンコ,931,0,8,かくとう,0.4
2094,イキリンコ,931,1,1,ひこう,52.2
2095,イキリンコ,931,1,2,ノーマル,36.2
2096,イキリンコ,931,1,3,フェアリー,11.6
2097,イキリンコ,931,2,1,ひこう,72.7
2098,イキリンコ,931,2,2,ノーマル,15.9
2099,イキリンコ,931,2,3,かくとう,4.5
2100,イキリンコ,931,2,4,ほのお,4.5
2101,イキリンコ,931,2,5,ゴースト,2.3
2102,イキリンコ,931,3,1,ひこう,87.5
2103,イキリンコ,931,3,2,ノーマル,12.5
2104,ジオヅム,933,0,1,ゴースト,58.1
2105,ジオヅム,933,0,2,みず,17.5
2106,ジオヅム,933,0,3,ひこう,9.3
2107,ジオヅム,933,0,4,むし,7.9
2108,ジオヅム,933,0,5,かくとう,4.1
2109,ジオヅム,933,0,6,どく,1.7
2110,ジオヅム,933,0,7,こおり,0.7
2111,ジオヅム,933,0,8,いわ,0.3
2112,ジオヅム,933,0,9,くさ,0.3
2113,キョジオーン,934,0,1,ゴースト,48.8
2114,キョジオーン,934,0,2,みず,17.0
2115,キョジオーン,934,0,3,ひこう,15.5
2116,キョジオーン,934,0,4,どく,5.8
2117,キョジオーン,934,0,5,フェアリー,5.7
2118,キョジオーン,934,0,6,かくとう,1.3
2119,キョジオーン,934,0,7,くさ,1.3
2120,キョジオーン,934,0,8,はがね,1.0
2121,キョジオーン,934,0,9,ノーマル,0.8
2122,キョジオーン,934,0,10,でんき,0.5
2123,グレンアルマ,936,0,1,エスパー,35.1
2124,グレンアルマ,936,0,2,くさ,28.6
2125,グレンアルマ,936,0,3,フェアリー,10.0
2126,グレンアルマ,936,0,4,ほのお,8.5
2127,グレンアルマ,936,0,5,ノーマル,4.0
2128,グレンアルマ,936,0,6,かくとう,3.4
2129,グレンアルマ,936,0,7,はがね,2.7
2130,グレンアルマ,936,0,8,こおり,2.1
2131,グレンアルマ,936,0,9,あく,1.8
2132,グレンアルマ,936,0,10,みず,0.9
2133,ソウブレイズ,937,0,1,くさ,37.3
2134,ソウブレイズ,937,0,2,ほのお,16.4
2135,ソウブレイズ,937,0,3,ノーマル,16.2
2136,ソウブレイズ,937,0,4,フェアリー,6.9
2137,ソウブレイズ,937,0,5,かくとう,5.8
2138,ソウブレイズ,937,0,6,はがね,5.1
2139,ソウブレイズ,937,0,7,こおり,3.8
2140,ソウブレイズ,937,0,8,ゴースト,1.8
2141,ソウブレイズ,937,0,9,あく,1.5
2142,ソウブレイズ,937,0,10,ひこう,1.2
2143,ハラバリー,939,0,1,でんき,37.9
2144,ハラバリー,939,0,2,フェアリー,22.4
2145,ハラバリー,939,0,3,みず,14.7
2146,ハラバリー,939,0,4,こおり,10.1
2147,ハラバリー,939,0,5,くさ,8.1
2148,ハラバリー,939,0,6,ひこう,4.3
2149,ハラバリー,939,0,7,むし,0.4
2150,ハラバリー,939,0,8,じめん,0.4
2151,ハラバリー,939,0,9,どく,0.3
2152,ハラバリー,939,0,10,かくとう,0.3
2153,カイデン,940,0,1,ひこう,100.0
2154,タイカイデン,941,0,1,こおり,24.6
2155,タイカイデン,941,0,2,でんき,22.7
2156,タイカイデン,941,0,3,フェアリー,9.6
2157,タイカイデン,941,0,4,みず,9.2
2158,タイカイデン,941,0,5,ひこう,8.7
2159,タイカイデン,941,0,6,あく,7.3
2160,タイカイデン,941,0,7,はがね,4.3
2161,タイカイデン,941,0,8,かくとう,3.7
2162,タイカイデン,941,0,9,じめん,3.3
2163,タイカイデン,941,0,10,ゴースト,1.9
2164,オラチフ,942,0,1,ゴースト,100.0
2165,マフィティフ,943,0,1,ほのお,22.6
2166,マフィティフ,943,0,2,フェアリー,19.0
2167,マフィティフ,943,0,3,あく,9.8
2168,マフィティフ,943,0,4,どく,9.8
2169,マフィティフ,943,0,5,くさ,9.0
2170,マフィティフ,943,0,6,ゴースト,8.0
2171,マフィティフ,943,0,7,かくとう,4.5
2172,マフィティフ,943,0,8,みず,3.7
2173,マフィティフ,943,0,9,はがね,2.9
2174,マフィティフ,943,0,10,ひこう,2.8
2175,シルシュルー,944,0,1,ひこう,100.0
2176,タギングル,945,0,1,ひこう,51.9
2177,タギングル,945,0,2,ゴースト,17.6
2178,タギングル,945,0,3,あく,5.3
2179,タギングル,945,0,4,ノーマル,3.9
2180,タギングル,945,0,5,フェアリー,3.5
2181,タギングル,945,0,6,どく,3.5
2182,タギングル,945,0,7,こおり,3.2
2183,タギングル,945,0,8,むし,2.6
2184,タギングル,945,0,9,じめん,2.3
2185,タギングル,945,0,10,みず,1.7
2186,アノホラグサ,947,0,1,ゴースト,31.1
2187,アノホラグサ,947,0,2,かくとう,19.1
2188,アノホラグサ,947,0,3,くさ,11.4
2189,アノホラグサ,947,0,4,ノーマル,7.3
2190,アノホラグサ,947,0,5,ほのお,6.7
2191,アノホラグサ,947,0,6,いわ,6.6
2192,アノホラグサ,947,0,7,フェアリー,6.3
2193,アノホラグサ,947,0,8,こおり,3.9
2194,アノホラグサ,947,0,9,はがね,2.5
2195,アノホラグサ,947,0,10,みず,1.7
2196,ノノクラゲ,948,0,1,じめん,88.9
2197,ノノクラゲ,948,0,2,ほのお,11.1
2198,リククラゲ,949,0,1,ほのお,24.0
2199,リククラゲ,949,0,2,みず,17.8
2200,リククラゲ,949,0,3,じめん,11.7
2201,リククラゲ,949,0,4,フェアリー,8.2
2202,リククラゲ,949,0,5,はがね,8.1
2203,リククラゲ,949,0,6,どく,6.8
2204,リククラゲ,949,0,7,くさ,4.5
2205,リククラゲ,949,0,8,ノーマル,3.8
2206,リククラゲ,949,0,9,いわ,3.3
2207,リククラゲ,949,0,10,でんき,2.6
2208,ガケガニ,950,0,1,いわ,49.8
2209,ガケガニ,950,0,2,ゴースト,16.2
2210,ガケガニ,950,0,3,みず,7.1
2211,ガケガニ,950,0,4,ほのお,5.7
2212,ガケガニ,950,0,5,かくとう,5.1
2213,ガケガニ,950,0,6,くさ,4.5
2214,ガケガニ,950,0,7,ひこう,3.5
2215,ガケガニ,950,0,8,むし,2.3
2216,ガケガニ,950,0,9,フェアリー,1.4
2217,ガケガニ,950,0,10,あく,0.9
2218,スコヴィラン,952,0,1,ほのお,41.0
2219,スコヴィラン,952,0,2,フェアリー,21.0
2220,スコヴィラン,952,0,3,はがね,10.8
2221,スコヴィラン,952,0,4,くさ,8.7
2222,スコヴィラン,952,0,5,いわ,6.9
2223,スコヴィラン,952,0,6,こおり,3.0
2224,スコヴィラン,952,0,7,みず,2.1
2225,スコヴィラン,952,0,8,ゴースト,1.9
2226,スコヴィラン,952,0,9,あく,1.7
2227,スコヴィラン,952,0,10,ドラゴン,0.9
2228,ベラカス,954,0,1,フェアリー,19.4
2229,ベラカス,954,0,2,どく,12.7
2230,ベラカス,954,0,3,むし,10.9
2231,ベラカス,954,0,4,ノーマル,9.8
2232,ベラカス,954,0,5,じめん,8.1
2233,ベラカス,954,0,6,いわ,8.1
2234,ベラカス,954,0,7,エスパー,7.2
2235,ベラカス,954,0,8,はがね,6.4
2236,ベラカス,954,0,9,でんき,4.1
2237,ベラカス,954,0,10,みず,2.5
2238,クエスパトラ,956,0,1,かくとう,53.5
2239,クエスパトラ,956,0,2,ノーマル,24.9
2240,クエスパトラ,956,0,3,ほのお,7.3
2241,クエスパトラ,956,0,4,エスパー,4.4
2242,クエスパトラ,956,0,5,フェアリー,3.0
2243,クエスパトラ,956,0,6,はがね,2.9
2244,クエスパトラ,956,0,7,あく,1.6
2245,クエスパトラ,956,0,8,ゴースト,1.4
2246,クエスパトラ,956,0,9,じめん,0.2
2247,クエスパトラ,956,0,10,みず,0.2
2248,ナカヌチャン,958,0,1,フェアリー,100.0
2249,デカヌチャン,959,0,1,じめん,20.1
2250,デカヌチャン,959,0,2,ひこう,17.7
2251,デカヌチャン,959,0,3,フェアリー,17.5
2252,デカヌチャン,959,0,4,はがね,14.9
2253,デカヌチャン,959,0,5,みず,12.0
2254,デカヌチャン,959,0,6,ほのお,4.2
2255,デカヌチャン,959,0,7,あく,3.3
2256,デカヌチャン,959,0,8,ノーマル,2.9
2257,デカヌチャン,959,0,9,いわ,1.4
2258,デカヌチャン,959,0,10,ゴースト,1.0
2259,ウミディグダ,960,0,1,みず,66.7
2260,ウミディグダ,960,0,2,じめん,33.3
2261,ウミトリオ,961,0,1,みず,62.1
2262,ウミトリオ,961,0,2,フェアリー,27.2
2263,ウミトリオ,961,0,3,ほのお,2.1
2264,ウミトリオ,961,0,4,ゴースト,2.1
2265,ウミトリオ,961,0,5,ノーマル,1.7
2266,ウミトリオ,961,0,6,こおり,1.4
2267,ウミトリオ,961,0,7,じめん,1.0
2268,ウミトリオ,961,0,8,エスパー,0.7
2269,ウミトリオ,961,0,9,どく,0.7
2270,ウミトリオ,961,0,10,でんき,0.3
2271,オトシドリ,962,0,1,いわ,76.9
2272,オトシドリ,962,0,2,あく,6.8
2273,オトシドリ,962,0,3,ひこう,5.3
2274,オトシドリ,962,0,4,はがね,4.3
2275,オトシドリ,962,0,5,フェアリー,1.6
2276,オトシドリ,962,0,6,じめん,1.6
2277,オトシドリ,962,0,7,かくとう,0.9
2278,オトシドリ,962,0,8,ゴースト,0.7
2279,オトシドリ,962,0,9,みず,0.7
2280,オトシドリ,962,0,10,ほのお,0.4
2281,ナミイルカ,963,0,1,みず,100.0
2282,イルカマン,964,0,1,みず,85.0
2283,イルカマン,964,0,2,かくとう,5.5
2284,イルカマン,964,0,3,フェアリー,2.3
2285,イルカマン,964,0,4,くさ,2.1
2286,イルカマン,964,0,5,はがね,0.9
2287,イルカマン,964,0,6,でんき,0.8
2288,イルカマン,964,0,7,ノーマル,0.8
2289,イルカマン,964,0,8,こおり,0.5
2290,イルカマン,964,0,9,ゴースト,0.5
2291,イルカマン,964,0,10,ほのお,0.5
2292,ブロロン,965,0,1,はがね,100.0
2293,ブロロローム,966,0,1,ほのお,24.0
2294,ブロロローム,966,0,2,ひこう,15.3
2295,ブロロローム,966,0,3,みず,14.0
2296,ブロロローム,966,0,4,じめん,11.8
2297,ブロロローム,966,0,5,はがね,8.4
2298,ブロロローム,966,0,6,どく,7.0
2299,ブロロローム,966,0,7,フェアリー,4.4
2300,ブロロローム,966,0,8,こおり,3.0
2301,ブロロローム,966,0,9,かくとう,2.4
2302,ブロロローム,966,0,10,でんき,2.2
2303,モトトカゲ,967,0,1,ノーマル,24.6
2304,モトトカゲ,967,0,2,ほのお,14.3
2305,モトトカゲ,967,0,3,はがね,14.0
2306,モトトカゲ,967,0,4,ドラゴン,13.2
2307,モトトカゲ,967,0,5,フェアリー,11.9
2308,モトトカゲ,967,0,6,ゴースト,9.4
2309,モトトカゲ,967,0,7,ひこう,2.0
2310,モトトカゲ,967,0,8,こおり,1.9
2311,モトトカゲ,967,0,9,でんき,1.9
2312,モトトカゲ,967,0,10,じめん,1.4
2313,ミミズズ,968,0,1,どく,17.5
2314,ミミズズ,968,0,2,でんき,17.0
2315,ミミズズ,968,0,3,かくとう,14.6
2316,ミミズズ,968,0,4,ほのお,12.4
2317,ミミズズ,968,0,5,ゴースト,8.3
2318,ミミズズ,968,0,6,みず,6.4
2319,ミミズズ,968,0,7,はがね,5.6
2320,ミミズズ,968,0,8,ドラゴン,5.4
2321,ミミズズ,968,0,9,フェアリー,4.8
2322,ミミズズ,968,0,10,じめん,4.3
2323,キラーメ,969,0,1,こおり,80.0
2324,キラーメ,969,0,2,いわ,20.0
2325,キラフロル,970,0,1,くさ,41.4
2326,キラフロル,970,0,2,ひこう,13.8
2327,キラフロル,970,0,3,ほのお,12.4
2328,キラフロル,970,0,4,どく,9.7
2329,キラフロル,970,0,5,フェアリー,5.1
2330,キラフロル,970,0,6,いわ,4.2
2331,キラフロル,970,0,7,じめん,3.2
2332,キラフロル,970,0,8,みず,2.1
2333,キラフロル,970,0,9,はがね,1.4
2334,キラフロル,970,0,10,こおり,1.2
2335,ハカドッグ,972,0,1,かくとう,57.2
2336,ハカドッグ,972,0,2,ゴースト,29.9
2337,ハカドッグ,972,0,3,ノーマル,4.2
2338,ハカドッグ,972,0,4,フェアリー,2.3
2339,ハカドッグ,972,0,5,みず,1.5
2340,ハカドッグ,972,0,6,じめん,1.4
2341,ハカドッグ,972,0,7,あく,0.8
2342,ハカドッグ,972,0,8,ほのお,0.8
2343,ハカドッグ,972,0,9,ひこう,0.6
2344,ハカドッグ,972,0,10,いわ,0.5
2345,カラミンゴ,973,0,1,かくとう,72.7
2346,カラミンゴ,973,0,2,ひこう,9.5
2347,カラミンゴ,973,0,3,はがね,5.5
2348,カラミンゴ,973,0,4,こおり,3.5
2349,カラミンゴ,973,0,5,フェアリー,3.4
2350,カラミンゴ,973,0,6,ゴースト,1.6
2351,カラミンゴ,973,0,7,でんき,1.3
2352,カラミンゴ,973,0,8,どく,0.5
2353,カラミンゴ,973,0,9,ノーマル,0.5
2354,カラミンゴ,973,0,10,むし,0.4
2355,アルクジラ,974,0,1,みず,40.0
2356,アルクジラ,974,0,2,こおり,40.0
2357,アルクジラ,974,0,3,ゴースト,20.0
2358,ハルクジラ,975,0,1,みず,40.9
2359,ハルクジラ,975,0,2,じめん,21.7
2360,ハルクジラ,975,0,3,ほのお,13.4
2361,ハルクジラ,975,0,4,こおり,8.5
2362,ハルクジラ,975,0,5,でんき,3.2
2363,ハルクジラ,975,0,6,ゴースト,2.2
2364,ハルクジラ,975,0,7,フェアリー,1.8
2365,ハルクジラ,975,0,8,どく,1.7
2366,ハルクジラ,975,0,9,くさ,1.5
2367,ハルクジラ,975,0,10,かくとう,1.5
2368,ミガルーサ,976,0,1,かくとう,32.2
2369,ミガルーサ,976,0,2,ノーマル,26.1
2370,ミガルーサ,976,0,3,みず,13.7
2371,ミガルーサ,976,0,4,エスパー,9.2
2372,ミガルーサ,976,0,5,あく,5.3
2373,ミガルーサ,976,0,6,ゴースト,4.4
2374,ミガルーサ,976,0,7,はがね,2.7
2375,ミガルーサ,976,0,8,ほのお,2.4
2376,ミガルーサ,976,0,9,じめん,1.9
2377,ミガルーサ,976,0,10,ドラゴン,0.4
2378,ヘイラッシャ,977,0,1,くさ,29.6
2379,ヘイラッシャ,977,0,2,フェアリー,19.6
2380,ヘイラッシャ,977,0,3,じめん,15.4
2381,ヘイラッシャ,977,0,4,みず,9.8
2382,ヘイラッシャ,977,0,5,はがね,5.4
2383,ヘイラッシャ,977,0,6,ドラゴン,4.2
2384,ヘイラッシャ,977,0,7,でんき,2.3
2385,ヘイラッシャ,977,0,8,ひこう,2.1
2386,ヘイラッシャ,977,0,9,ほのお,2.1
2387,ヘイラッシャ,977,0,10,ノーマル,2.1
2388,シャリタツ,978,0,1,ほのお,64.7
2389,シャリタツ,978,0,2,フェアリー,7.1
2390,シャリタツ,978,0,3,みず,6.1
2391,シャリタツ,978,0,4,でんき,5.4
2392,シャリタツ,978,0,5,どく,4.2
2393,シャリタツ,978,0,6,ドラゴン,3.2
2394,シャリタツ,978,0,7,じめん,2.9
2395,シャリタツ,978,0,8,はがね,2.8
2396,シャリタツ,978,0,9,ゴースト,1.2
2397,シャリタツ,978,0,10,こおり,0.7
2398,コノヨザル,979,0,1,ほのお,22.7
2399,コノヨザル,979,0,2,ノーマル,19.7
2400,コノヨザル,979,0,3,どく,18.2
2401,コノヨザル,979,0,4,はがね,17.4
2402,コノヨザル,979,0,5,かくとう,5.9
2403,コノヨザル,979,0,6,ひこう,4.6
2404,コノヨザル,979,0,7,フェアリー,3.1
2405,コノヨザル,979,0,8,みず,2.2
2406,コノヨザル,979,0,9,ゴースト,1.9
2407,コノヨザル,979,0,10,でんき,1.2
2408,ドオー,980,0,1,どく,19.1
2409,ドオー,980,0,2,あく,15.7
2410,ドオー,980,0,3,じめん,12.7
2411,ドオー,980,0,4,みず,9.6
2412,ドオー,980,0,5,ほのお,8.4
2413,ドオー,980,0,6,ひこう,7.0
2414,ドオー,980,0,7,ゴースト,6.2
2415,ドオー,980,0,8,ノーマル,4.9
2416,ドオー,980,0,9,はがね,4.0
2417,ドオー,980,0,10,フェアリー,3.6
2418,リキキリン,981,0,1,かくとう,40.4
2419,リキキリン,981,0,2,フェアリー,24.8
2420,リキキリン,981,0,3,エスパー,10.5
2421,リキキリン,981,0,4,ほのお,6.0
2422,リキキリン,981,0,5,ノーマル,5.5
2423,リキキリン,981,0,6,みず,3.4
2424,リキキリン,981,0,7,くさ,1.5
2425,リキキリン,981,0,8,はがね,1.4
2426,リキキリン,981,0,9,じめん,1.3
2427,リキキリン,981,0,10,でんき,1.0
2428,ノココッチ,982,0,1,ノーマル,30.8
2429,ノココッチ,982,0,2,ゴースト,24.3
2430,ノココッチ,982,0,3,フェアリー,15.1
2431,ノココッチ,982,0,4,どく,6.5
2432,ノココッチ,982,0,5,ひこう,6.2
2433,ノココッチ,982,0,6,ほのお,3.4
2434,ノココッチ,982,0,7,じめん,3.3
2435,ノココッチ,982,0,8,ドラゴン,2.7
2436,ノココッチ,982,0,9,くさ,2.2
2437,ノココッチ,982,0,10,みず,1.4
2438,ドドゲザン,983,0,1,あく,61.9
2439,ドドゲザン,983,0,2,ひこう,16.3
2440,ドドゲザン,983,0,3,フェアリー,10.8
2441,ドドゲザン,983,0,4,ゴースト,2.7
2442,ドドゲザン,983,0,5,はがね,1.9
2443,ドドゲザン,983,0,6,みず,1.6
2444,ドドゲザン,983,0,7,ほのお,1.1
2445,ドドゲザン,983,0,8,かくとう,1.0
2446,ドドゲザン,983,0,9,どく,0.5
2447,ドドゲザン,983,0,10,くさ,0.5
2448,イダイナキバ,984,0,1,はがね,44.5
2449,イダイナキバ,984,0,2,じめん,31.5
2450,イダイナキバ,984,0,3,かくとう,8.6
2451,イダイナキバ,984,0,4,こおり,4.4
2452,イダイナキバ,984,0,5,フェアリー,4.2
2453,イダイナキバ,984,0,6,どく,1.3
2454,イダイナキバ,984,0,7,でんき,1.3
2455,イダイナキバ,984,0,8,ほのお,1.1
2456,イダイナキバ,984,0,9,みず,0.8
2457,イダイナキバ,984,0,10,いわ,0.7
2458,サケブシッポ,985,0,1,ノーマル,46.0
2459,サケブシッポ,985,0,2,フェアリー,10.9
2460,サケブシッポ,985,0,3,エスパー,9.4
2461,サケブシッポ,985,0,4,はがね,8.8
2462,サケブシッポ,985,0,5,ほのお,6.7
2463,サケブシッポ,985,0,6,あく,4.6
2464,サケブシッポ,985,0,7,かくとう,4.1
2465,サケブシッポ,985,0,8,みず,3.6
2466,サケブシッポ,985,0,9,じめん,2.2
2467,サケブシッポ,985,0,10,どく,1.7
2468,アラブルタケ,986,0,1,ほのお,27.4
2469,アラブルタケ,986,0,2,あく,24.0
2470,アラブルタケ,986,0,3,どく,17.9
2471,アラブルタケ,986,0,4,フェアリー,12.8
2472,アラブルタケ,986,0,5,くさ,5.4
2473,アラブルタケ,986,0,6,ゴースト,4.0
2474,アラブルタケ,986,0,7,でんき,2.3
2475,アラブルタケ,986,0,8,みず,2.3
2476,アラブルタケ,986,0,9,はがね,1.0
2477,アラブルタケ,986,0,10,かくとう,1.0
2478,ハバタクカミ,987,0,1,フェアリー,45.5
2479,ハバタクカミ,987,0,2,ノーマル,19.4
2480,ハバタクカミ,987,0,3,ほのお,16.0
2481,ハバタクカミ,987,0,4,ゴースト,11.7
2482,ハバタクカミ,987,0,5,かくとう,2.8
2483,ハバタクカミ,987,0,6,はがね,1.7
2484,ハバタクカミ,987,0,7,じめん,0.8
2485,ハバタクカミ,987,0,8,でんき,0.7
2486,ハバタクカミ,987,0,9,みず,0.5
2487,ハバタクカミ,987,0,10,あく,0.3
2488,チヲハウハネ,988,0,1,ほのお,30.8
2489,チヲハウハネ,988,0,2,むし,27.8
2490,チヲハウハネ,988,0,3,でんき,7.6
2491,チヲハウハネ,988,0,4,かくとう,6.2
2492,チヲハウハネ,988,0,5,いわ,5.3
2493,チヲハウハネ,988,0,6,はがね,4.7
2494,チヲハウハネ,988,0,7,ひこう,4.5
2495,チヲハウハネ,988,0,8,こおり,3.5
2496,チヲハウハネ,988,0,9,フェアリー,3.1
2497,チヲハウハネ,988,0,10,じめん,2.8
2498,スナノケガワ,989,0,1,こおり,35.2
2499,スナノケガワ,989,0,2,フェアリー,17.1
2500,スナノケガワ,989,0,3,でんき,17.0
2501,スナノケガワ,989,0,4,じめん,12.4
2502,スナノケガワ,989,0,5,くさ,6.1
2503,スナノケガワ,989,0,6,ひこう,3.9
2504,スナノケガワ,989,0,7,かくとう,2.1
2505,スナノケガワ,989,0,8,はがね,1.8
2506,スナノケガワ,989,0,9,みず,1.7
2507,スナノケガワ,989,0,10,ほのお,1.2
2508,テツノワダチ,990,0,1,じめん,44.5
2509,テツノワダチ,990,0,2,はがね,18.4
2510,テツノワダチ,990,0,3,ひこう,11.3
2511,テツノワダチ,990,0,4,みず,6.5
2512,テツノワダチ,990,0,5,こおり,6.1
2513,テツノワダチ,990,0,6,かくとう,3.1
2514,テツノワダチ,990,0,7,フェアリー,2.0
2515,テツノワダチ,990,0,8,くさ,1.7
2516,テツノワダチ,990,0,9,でんき,1.5
2517,テツノワダチ,990,0,10,ドラゴン,1.4
2518,テツノツツミ,991,0,1,みず,39.8
2519,テツノツツミ,991,0,2,こおり,31.2
2520,テツノツツミ,991,0,3,ゴースト,8.2
2521,テツノツツミ,991,0,4,じめん,7.6
2522,テツノツツミ,991,0,5,かくとう,4.8
2523,テツノツツミ,991,0,6,ほのお,3.2
2524,テツノツツミ,991,0,7,はがね,1.5
2525,テツノツツミ,991,0,8,フェアリー,1.4
2526,テツノツツミ,991,0,9,どく,0.6
2527,テツノツツミ,991,0,10,でんき,0.6
2528,テツノカイナ,992,0,1,じめん,21.8
2529,テツノカイナ,992,0,2,でんき,20.8
2530,テツノカイナ,992,0,3,ひこう,20.7
2531,テツノカイナ,992,0,4,かくとう,17.0
2532,テツノカイナ,992,0,5,フェアリー,6.5
2533,テツノカイナ,992,0,6,はがね,4.0
2534,テツノカイナ,992,0,7,くさ,2.0
2535,テツノカイナ,992,0,8,こおり,1.9
2536,テツノカイナ,992,0,9,ノーマル,1.6
2537,テツノカイナ,992,0,10,ほのお,1.1
2538,テツノコウベ,993,0,1,ひこう,36.8
2539,テツノコウベ,993,0,2,はがね,24.0
2540,テツノコウベ,993,0,3,あく,14.3
2541,テツノコウベ,993,0,4,じめん,6.2
2542,テツノコウベ,993,0,5,ほのお,3.6
2543,テツノコウベ,993,0,6,どく,3.0
2544,テツノコウベ,993,0,7,でんき,2.8
2545,テツノコウベ,993,0,8,フェアリー,2.3
2546,テツノコウベ,993,0,9,こおり,2.2
2547,テツノコウベ,993,0,10,みず,1.7
2548,テツノドクガ,994,0,1,くさ,46.0
2549,テツノドクガ,994,0,2,ほのお,20.5
2550,テツノドクガ,994,0,3,みず,10.3
2551,テツノドクガ,994,0,4,どく,7.8
2552,テツノドクガ,994,0,5,フェアリー,7.1
2553,テツノドクガ,994,0,6,ひこう,2.9
2554,テツノドクガ,994,0,7,こおり,2.0
2555,テツノドクガ,994,0,8,ゴースト,1.2
2556,テツノドクガ,994,0,9,じめん,0.5
2557,テツノドクガ,994,0,10,あく,0.3
2558,テツノイバラ,995,0,1,むし,41.6
2559,テツノイバラ,995,0,2,ひこう,21.7
2560,テツノイバラ,995,0,3,でんき,11.1
2561,テツノイバラ,995,0,4,こおり,7.1
2562,テツノイバラ,995,0,5,くさ,5.2
2563,テツノイバラ,995,0,6,いわ,4.9
2564,テツノイバラ,995,0,7,フェアリー,3.9
2565,テツノイバラ,995,0,8,じめん,1.7
2566,テツノイバラ,995,0,9,かくとう,0.7
2567,テツノイバラ,995,0,10,みず,0.6
2568,セゴール,997,0,1,はがね,59.5
2569,セゴール,997,0,2,でんき,21.4
2570,セゴール,997,0,3,こおり,9.5
2571,セゴール,997,0,4,かくとう,4.8
2572,セゴール,997,0,5,フェアリー,4.8
2573,セグレイブ,998,0,1,じめん,59.5
2574,セグレイブ,998,0,2,でんき,17.6
2575,セグレイブ,998,0,3,こおり,8.3
2576,セグレイブ,998,0,4,ほのお,4.2
2577,セグレイブ,998,0,5,はがね,3.6
2578,セグレイブ,998,0,6,フェアリー,1.8
2579,セグレイブ,998,0,7,ドラゴン,1.3
2580,セグレイブ,998,0,8,どく,1.0
2581,セグレイブ,998,0,9,ゴースト,0.7
2582,セグレイブ,998,0,10,みず,0.6
2583,コレクレー,999,0,1,ノーマル,75.0
2584,コレクレー,999,0,2,かくとう,16.7
2585,コレクレー,999,0,3,ゴースト,8.3
2586,サーフゴー,1000,0,1,ひこう,41.9
2587,サーフゴー,1000,0,2,ノーマル,19.9
2588,サーフゴー,1000,0,3,ゴースト,13.0
2589,サーフゴー,1000,0,4,かくとう,10.9
2590,サーフゴー,1000,0,5,あく,7.0
2591,サーフゴー,1000,0,6,はがね,4.3
2592,サーフゴー,1000,0,7,フェアリー,1.1
2593,サーフゴー,1000,0,8,みず,0.8
2594,サーフゴー,1000,0,9,いわ,0.3
2595,サーフゴー,1000,0,10,こおり,0.3
2596,トドロクツキ,1005,0,1,ひこう,52.0
2597,トドロクツキ,1005,0,2,はがね,21.4
2598,トドロクツキ,1005,0,3,ほのお,7.4
2599,トドロクツキ,1005,0,4,どく,5.6
2600,トドロクツキ,1005,0,5,フェアリー,3.5
2601,トドロクツキ,1005,0,6,あく,3.2
2602,トドロクツキ,1005,0,7,ドラゴン,2.8
2603,トドロクツキ,1005,0,8,ゴースト,1.3
2604,トドロクツキ,1005,0,9,でんき,0.9
2605,トドロクツキ,1005,0,10,じめん,0.9
2606,テツノブジン,1006,0,1,ゴースト,31.1
2607,テツノブジン,1006,0,2,フェアリー,21.2
2608,テツノブジン,1006,0,3,はがね,18.0
2609,テツノブジン,1006,0,4,かくとう,15.4
2610,テツノブジン,1006,0,5,でんき,4.8
2611,テツノブジン,1006,0,6,じめん,3.1
2612,テツノブジン,1006,0,7,ほのお,2.6
2613,テツノブジン,1006,0,8,みず,1.1
2614,テツノブジン,1006,0,9,どく,0.8
2615,テツノブジン,1006,0,10,あく,0.6
